Alloy,N(Ef),DH (eV),Structure,Mixing Enthalpy,VEC,Melting Temperature,Pauling Electronegativity,Entropy of Mixing,Radii Difference,Cr,Mo,W,V,Nb,Ta,Ti,Zr,Hf,ROM_DOS
Cr50Mo50,0.6514,3.483521884999959,BCC,0.0,6.0,2265.0,1.91,5.762825659175385,0.4119850187265911,50.0,50.0,0.0,0.0,0.0,0.0,0.0,0.0,0.0,0.5805
Cr50Nb50,0.9385,4.869895600000007,BCC,-7.0,5.5,2192.0,1.63,5.762825659175385,0.6569343065693423,50.0,0.0,0.0,0.0,50.0,0.0,0.0,0.0,0.0,1.2272
Cr50Ta50,0.9722,3.352883844999951,BCC,-7.0,5.5,2462.0,1.58,5.762825659175385,0.6569343065693423,50.0,0.0,0.0,0.0,0.0,50.0,0.0,0.0,0.0,1.06015
Cr50Ti50,1.4112,0.7348153649999745,BCC,-7.0,5.0,1787.5,1.6,5.762825659175385,0.6909090909090909,50.0,0.0,0.0,0.0,0.0,0.0,50.0,0.0,0.0,1.27235
Cr50V50,1.2213,-2.022500985000022,BCC,-2.0,5.5,1908.5,1.645,5.762825659175385,0.22900763358778609,50.0,0.0,0.0,50.0,0.0,0.0,0.0,0.0,0.0,1.2998000000000003
Cr50W50,0.5318,3.826284549999968,BCC,1.0,6.0,2664.5,2.01,5.762825659175385,0.4119850187265911,50.0,0.0,50.0,0.0,0.0,0.0,0.0,0.0,0.0,0.51605
Mo50Hf50,1.1211,-2.402716385000019,BCC,-4.0,5.0,2428.0,1.73,5.762825659175385,0.6711409395973161,0.0,50.0,0.0,0.0,0.0,0.0,0.0,0.0,50.0,1.21675
Mo50Nb50,0.7006,-3.344296874999998,BCC,-6.0,5.5,2550.0,1.88,5.762825659175385,0.24561403508771895,0.0,50.0,0.0,0.0,50.0,0.0,0.0,0.0,0.0,1.2052
Mo50Ta50,0.827,-4.072018430000014,BCC,-5.0,5.5,2820.0,1.83,5.762825659175385,0.24561403508771895,0.0,50.0,0.0,0.0,0.0,50.0,0.0,0.0,0.0,1.03815
Mo50Ti50,1.3395,-5.00499812999999,BCC,-4.0,5.0,2145.5,1.85,5.762825659175385,0.2797202797202797,0.0,50.0,0.0,0.0,0.0,0.0,50.0,0.0,0.0,1.25035
Mo50V50,1.048,-3.491415920000009,BCC,0.0,5.5,2266.5,1.895,5.762825659175385,0.1831501831501825,0.0,50.0,0.0,50.0,0.0,0.0,0.0,0.0,0.0,1.2778
Mo50W50,0.4904,-0.05971656500003064,BCC,0.0,6.0,3022.5,2.26,5.762825659175385,0.0,0.0,50.0,50.0,0.0,0.0,0.0,0.0,0.0,0.0,0.49405
Mo50Zr50,1.2295,1.128700000000038,BCC,-6.0,5.0,2237.5,1.745,5.762825659175385,0.7023411371237465,0.0,50.0,0.0,0.0,0.0,0.0,0.0,50.0,0.0,1.13505
Nb50Ta50,1.5646,-0.1418004749999682,BCC,0.0,5.0,2747.0,1.55,5.762825659175385,0.0,0.0,0.0,0.0,0.0,50.0,50.0,0.0,0.0,0.0,1.6848500000000002
Nb50Ti50,1.6495,-0.7162766150000266,BCC,2.0,4.5,2072.5,1.57,5.762825659175385,0.0341296928327639,0.0,0.0,0.0,0.0,50.0,0.0,50.0,0.0,0.0,1.89705
Nb50Zr50,1.4997,0.8277402349999647,BCC,4.0,4.5,2164.5,1.465,5.762825659175385,0.45751633986928164,0.0,0.0,0.0,0.0,50.0,0.0,0.0,50.0,0.0,1.7817500000000002
Ta50Hf50,1.3259,0.5083272150000084,BCC,3.0,4.5,2625.0,1.4,5.762825659175385,0.42622950819672156,0.0,0.0,0.0,0.0,0.0,50.0,0.0,0.0,50.0,1.6964
Ta50Ti50,1.7047,0.2979424700000095,BCC,1.0,4.5,2342.5,1.52,5.762825659175385,0.0341296928327639,0.0,0.0,0.0,0.0,0.0,50.0,50.0,0.0,0.0,1.73
Ta50Zr50,1.3858,2.247432290000063,BCC,3.0,4.5,2434.5,1.415,5.762825659175385,0.45751633986928164,0.0,0.0,0.0,0.0,0.0,50.0,0.0,50.0,0.0,1.6147
V50Nb50,1.8025,2.291413484999964,BCC,-1.0,5.0,2193.5,1.615,5.762825659175385,0.42857142857142816,0.0,0.0,0.0,50.0,50.0,0.0,0.0,0.0,0.0,1.9244999999999999
V50Ta50,1.8487,2.430969330000039,BCC,-1.0,5.0,2463.5,1.565,5.762825659175385,0.42857142857142816,0.0,0.0,0.0,50.0,0.0,50.0,0.0,0.0,0.0,1.75745
W50Hf50,1.1249,0.7435708600000339,BCC,-6.0,5.0,2827.5,1.83,5.762825659175385,0.6711409395973161,0.0,0.0,50.0,0.0,0.0,0.0,0.0,0.0,50.0,1.1523
W50Nb50,0.8709,-1.891208710000001,BCC,-8.0,5.5,2949.5,1.98,5.762825659175385,0.24561403508771895,0.0,0.0,50.0,0.0,50.0,0.0,0.0,0.0,0.0,1.14075
W50Ta50,0.8728,-2.19744333500006,BCC,-7.0,5.5,3219.5,1.93,5.762825659175385,0.24561403508771895,0.0,0.0,50.0,0.0,0.0,50.0,0.0,0.0,0.0,0.9737
W50Ti50,1.36,-2.530826925000042,BCC,-6.0,5.0,2545.0,1.95,5.762825659175385,0.2797202797202797,0.0,0.0,50.0,0.0,0.0,0.0,50.0,0.0,0.0,1.1859
W50V50,1.158,-2.401760055000011,BCC,-1.0,5.5,2666.0,1.995,5.762825659175385,0.1831501831501825,0.0,0.0,50.0,50.0,0.0,0.0,0.0,0.0,0.0,1.2133500000000002
W50Zr50,1.2779,3.700059114999988,BCC,-9.0,5.0,2637.0,1.845,5.762825659175385,0.7023411371237465,0.0,0.0,50.0,0.0,0.0,0.0,0.0,50.0,0.0,1.0706
Mo33Nb33Ta34,1.1267,-2.622572676499942,BCC,-4.857600000000001,5.33,2708.78,1.7508000000000001,9.133033898159683,0.22906876085618028,0.0,33.0,0.0,0.0,33.0,34.0,0.0,0.0,0.0,1.311484
Mo33Ta33Hf34,1.2439,-1.782907424599955,BCC,-2.6268000000000002,4.99,2620.42,1.6498000000000002,9.133033898159683,0.5615640599029058,0.0,33.0,0.0,0.0,0.0,33.0,0.0,0.0,34.0,1.322679
Mo33Ti33Zr34,1.3852,-1.683716817600043,BCC,-4.4352,4.66,2045.71,1.6732,9.133033898159683,0.5836796115228013,0.0,33.0,0.0,0.0,0.0,0.0,33.0,34.0,0.0,1.407175
Mo33V33Nb34,1.3585,-1.191016106799964,BCC,-3.1416,5.33,2338.07,1.7947,9.133033898159683,0.35334696094034596,0.0,33.0,0.0,33.0,34.0,0.0,0.0,0.0,0.0,1.472994
Mo33V33Ta34,1.3321,-1.381888114999924,BCC,-2.6928,5.33,2521.67,1.7607,9.133033898159683,0.35334696094034596,0.0,33.0,0.0,33.0,0.0,34.0,0.0,0.0,0.0,1.3594
Mo33W33Nb34,0.5016,-3.062227144100007,BCC,-6.283200000000001,5.66,2837.03,2.0356,9.133033898159683,0.2345424670428327,0.0,33.0,33.0,0.0,34.0,0.0,0.0,0.0,0.0,0.955719
Mo33W33Ta34,0.5191,-3.446907952299966,BCC,-5.3856,5.66,3020.63,2.0016,9.133033898159683,0.2345424670428327,0.0,33.0,33.0,0.0,0.0,34.0,0.0,0.0,0.0,0.842125
Mo33W33Ti34,1.1148,-4.629596108700014,BCC,-4.488,5.32,2561.97,2.0151999999999997,9.133033898159683,0.2674054593807966,0.0,33.0,33.0,0.0,0.0,0.0,34.0,0.0,0.0,0.986421
Mo33W33Zr34,1.055,0.4314124092999805,BCC,-6.732,5.32,2624.53,1.9438,9.133033898159683,0.6807091964660397,0.0,33.0,33.0,0.0,0.0,0.0,0.0,34.0,0.0,0.908017
W33Nb33Ta34,1.1756,-1.569872373999942,BCC,-6.6264,5.33,2972.45,1.8168,9.133033898159683,0.22906876085618028,0.0,0.0,33.0,0.0,33.0,34.0,0.0,0.0,0.0,1.268947
W33V33Ta34,1.3222,-0.4759724824999694,BCC,-4.026000000000001,5.33,2785.34,1.8266999999999998,9.133033898159683,0.35334696094034596,0.0,0.0,33.0,33.0,0.0,34.0,0.0,0.0,0.0,1.3168630000000001
W33V33Zr34,1.4412,4.027442359100007,BCC,-6.2700000000000005,4.99,2389.24,1.7689,9.133033898159683,0.7831624038598456,0.0,0.0,33.0,33.0,0.0,0.0,0.0,34.0,0.0,1.3827550000000002
Cr33Mo33W34,0.5233,3.820701503900011,BCC,0.44880000000000003,6.0,2658.38,2.063,9.133033898159683,0.3820890814821477,33.0,33.0,34.0,0.0,0.0,0.0,0.0,0.0,0.0,0.529194
Cr33Mo33Zr34,1.1314,5.509590725699979,BCC,-8.0784,5.32,2124.58,1.7128,9.133033898159683,0.9350070294368622,33.0,33.0,0.0,0.0,0.0,0.0,0.0,34.0,0.0,0.965074
Cr33Ta33Ti34,1.4733,1.672273390100031,BCC,-5.742000000000001,4.99,2192.04,1.5663999999999998,9.133033898159683,0.6205171371687888,33.0,0.0,0.0,0.0,0.0,33.0,34.0,0.0,0.0,1.3600470000000002
Cr33V33Ta34,1.4307,2.857480453900052,BCC,-4.461600000000001,5.33,2285.39,1.5957,9.133033898159683,0.5519463934848895,33.0,0.0,0.0,33.0,0.0,34.0,0.0,0.0,0.0,1.37392
Cr33W33Hf34,1.1223,4.154189864399996,BCC,-6.2964,5.32,2517.79,1.7686000000000002,9.133033898159683,0.9059213396147947,33.0,0.0,33.0,0.0,0.0,0.0,0.0,0.0,34.0,0.9780930000000001
Hf33Cr33Mo34,1.1784,4.279632802400045,BCC,-5.7156,5.34,2258.02,1.7112,9.133033898159683,0.8995856382224101,33.0,34.0,0.0,0.0,0.0,0.0,0.0,0.0,33.0,1.007465
Hf33Mo33W34,0.9429,0.3765723785000432,BCC,-4.4352,5.34,2765.96,1.9442000000000002,9.133033898159683,0.6458965904125694,0.0,33.0,34.0,0.0,0.0,0.0,0.0,0.0,33.0,0.9491189999999999
Mo33Hf33V34,1.2484,0.1059125039000151,BCC,-2.64,5.0,2251.88,1.696,9.133033898159683,0.7500384518044207,0.0,33.0,0.0,34.0,0.0,0.0,0.0,0.0,33.0,1.482069
Mo33Ta33Ti34,1.367,-3.854971068799955,BCC,-3.5244000000000004,4.99,2428.32,1.7313999999999998,9.133033898159683,0.24673640936199243,0.0,33.0,0.0,0.0,0.0,33.0,34.0,0.0,0.0,1.3455270000000001
Mo33Ti33Hf34,1.303,-3.456812331399988,BCC,-3.5376000000000003,4.66,2175.25,1.663,9.133033898159683,0.5555510171857356,0.0,33.0,0.0,0.0,0.0,0.0,33.0,0.0,34.0,1.462731
Mo33V33Ti34,1.4789,-3.113487101399983,BCC,-2.6928,4.99,2063.01,1.7743,9.133033898159683,0.38356714904769784,0.0,33.0,0.0,33.0,0.0,0.0,34.0,0.0,0.0,1.503696
Mo33W33V34,0.6133,-3.993334107099997,BCC,-0.44880000000000003,5.66,2644.25,2.0458,9.133033898159683,0.17250865669813484,0.0,33.0,33.0,34.0,0.0,0.0,0.0,0.0,0.0,1.005087
Nb33Cr33Mo34,0.6316,2.19494006719998,BCC,-5.742000000000001,5.67,2338.54,1.8101999999999998,9.133033898159683,0.5354997586416662,33.0,34.0,0.0,0.0,33.0,0.0,0.0,0.0,0.0,0.9998420000000001
Nb33Mo33Ta34,1.1177,-2.523016576499913,BCC,-4.857600000000001,5.33,2708.78,1.7508000000000001,9.133033898159683,0.22906876085618028,0.0,33.0,0.0,0.0,33.0,34.0,0.0,0.0,0.0,1.311484
Nb33Ta33Hf34,1.4616,0.3144296337000583,BCC,3.1416000000000004,4.66,2572.24,1.465,9.133033898159683,0.4094012782083535,0.0,0.0,0.0,0.0,33.0,33.0,0.0,0.0,34.0,1.7495010000000002
Nb33Ta33Ti34,1.6297,-0.8014432804999387,BCC,1.3464,4.66,2380.14,1.5466000000000002,9.133033898159683,0.03237042307592468,0.0,0.0,0.0,0.0,33.0,33.0,34.0,0.0,0.0,1.7723490000000002
Nb33W33Ti34,1.4126,-2.282156610400023,BCC,-5.28,4.99,2513.79,1.8304000000000002,9.133033898159683,0.24673640936199243,0.0,0.0,33.0,0.0,33.0,0.0,34.0,0.0,0.0,1.413243
Nb33Zr33Hf34,1.4185,-0.01601411209998105,BCC,3.5376000000000003,4.33,2187.79,1.4088999999999998,9.133033898159683,0.4100584814656405,0.0,0.0,0.0,0.0,33.0,0.0,0.0,33.0,34.0,1.8134550000000003
V33Nb33Ta34,1.8303,2.470751733300062,BCC,-0.8844000000000001,5.0,2473.49,1.5759,9.133033898159683,0.39725095845143554,0.0,0.0,0.0,33.0,33.0,34.0,0.0,0.0,0.0,1.7862220000000002
V33Ta33Ti34,1.744,0.6840764009999702,BCC,-0.8844000000000001,4.66,2193.03,1.5564999999999998,9.133033898159683,0.4140601227659674,0.0,0.0,0.0,33.0,0.0,33.0,34.0,0.0,0.0,1.820265
W33Hf33V34,1.3637,1.890708656400022,BCC,-3.9600000000000004,5.0,2515.55,1.7619999999999998,9.133033898159683,0.7500384518044207,0.0,0.0,33.0,34.0,0.0,0.0,0.0,0.0,33.0,1.439532
W33Ti33Zr34,1.3839,1.029689134900025,BCC,-6.652800000000001,4.66,2309.38,1.7391999999999999,9.133033898159683,0.5836796115228013,0.0,0.0,33.0,0.0,0.0,0.0,33.0,34.0,0.0,1.364638
W33V33Nb34,1.3282,-0.1479878943000017,BCC,-4.474800000000001,5.33,2601.74,1.8607,9.133033898159683,0.35334696094034596,0.0,0.0,33.0,33.0,34.0,0.0,0.0,0.0,0.0,1.430457
W33V33Ti34,1.5182,-1.716715298899999,BCC,-4.026,4.99,2326.68,1.8402999999999998,9.133033898159683,0.38356714904769784,0.0,0.0,33.0,33.0,0.0,0.0,34.0,0.0,0.0,1.461159
Zr33Mo33Nb34,1.2659,0.4893981600000075,BCC,-3.5112000000000005,5.0,2318.93,1.6957,9.133033898159683,0.5859263311172265,0.0,33.0,0.0,0.0,34.0,0.0,0.0,33.0,0.0,1.3787790000000002
Cr22Mo50W28,0.6036,2.569952462599986,BCC,0.24640000000000004,6.0,2689.2,2.106,8.614235838824499,0.33362932632784814,22.0,50.0,28.0,0.0,0.0,0.0,0.0,0.0,0.0,0.532088
Cr22Mo50Zr28,0.963,3.591905248200021,BCC,-6.316800000000001,5.44,2249.6,1.8175999999999999,8.614235838824499,0.824989745947436,22.0,50.0,0.0,0.0,0.0,0.0,0.0,28.0,0.0,0.891048
Cr22Ta50Ti28,1.4869,1.557286412200028,BCC,-4.2448,4.94,2395.08,1.5463999999999998,8.614235838824499,0.5351973380289494,22.0,0.0,0.0,0.0,0.0,50.0,28.0,0.0,0.0,1.435266
Cr22V50Ta28,1.5878,2.295616031000009,BCC,-3.1648000000000005,5.22,2219.3,1.6001999999999998,8.614235838824499,0.48802973926338256,22.0,0.0,0.0,50.0,0.0,28.0,0.0,0.0,0.0,1.5560840000000002
Cr22W50Ti28,1.0761,-0.5556737128000009,BCC,-4.644800000000001,5.44,2597.58,1.9764,8.614235838824499,0.48057928625752744,22.0,0.0,50.0,0.0,0.0,0.0,28.0,0.0,0.0,0.891166
Hf22Cr50Mo28,0.9215,3.837645673999987,BCC,-4.9456,5.56,2179.2,1.7207999999999999,8.614235838824499,0.880080432116281,50.0,28.0,0.0,0.0,0.0,0.0,0.0,0.0,22.0,0.8701300000000001
Hf22Mo50W28,0.7152,-1.45854687100001,BCC,-3.2384000000000004,5.56,2760.92,2.0268,8.614235838824499,0.5777493773279777,0.0,50.0,28.0,0.0,0.0,0.0,0.0,0.0,22.0,0.812038
Mo22Hf50V28,1.2955,0.0632482317999461,BCC,-2.88,4.72,2228.36,1.5816000000000003,8.614235838824499,0.7814564149212047,0.0,22.0,0.0,28.0,0.0,0.0,0.0,0.0,50.0,1.619558
Mo22Ta50Ti28,1.3938,-2.816007100399986,BCC,-2.6256000000000004,4.94,2552.6,1.6564,8.614235838824499,0.2126382778490382,0.0,22.0,0.0,0.0,0.0,50.0,28.0,0.0,0.0,1.4255859999999998
Mo22V50Ti28,1.6913,-1.709227740399967,BCC,-2.1056000000000004,4.94,1999.1,1.7214,8.614235838824499,0.39709537452129373,0.0,22.0,0.0,50.0,0.0,0.0,28.0,0.0,0.0,1.665236
Mo22W50Ti28,0.9934,-3.911843845399972,BCC,-4.3456,5.44,2755.1,2.0864000000000003,8.614235838824499,0.2543182590840403,0.0,22.0,50.0,0.0,0.0,0.0,28.0,0.0,0.0,0.8814859999999999
Mo22W50V28,0.5487,-2.983157878200018,BCC,-0.56,5.72,2822.86,2.1116,8.614235838824499,0.16315366512095555,0.0,22.0,50.0,28.0,0.0,0.0,0.0,0.0,0.0,0.896858
Nb22Cr50Mo28,0.6565,3.491158147199997,BCC,-4.558400000000001,5.78,2232.88,1.7868000000000002,8.614235838824499,0.5521648003402597,50.0,28.0,0.0,0.0,22.0,0.0,0.0,0.0,0.0,0.8650480000000002
Nb22Mo50Ta28,0.7747,-3.612455579399978,BCC,-5.44,5.5,2701.2,1.8519999999999999,8.614235838824499,0.24561403508771895,0.0,50.0,0.0,0.0,22.0,28.0,0.0,0.0,0.0,1.111652
Nb22Ta50Hf28,1.4869,0.8698504982000941,BCC,2.6656000000000004,4.72,2678.68,1.466,8.614235838824499,0.39006853270297764,0.0,0.0,0.0,0.0,22.0,50.0,0.0,0.0,28.0,1.6913179999999999
Nb22Ta50Ti28,1.6549,-0.1809945681999352,BCC,1.0528000000000002,4.72,2520.48,1.5332,8.614235838824499,0.03069448225409312,0.0,0.0,0.0,0.0,22.0,50.0,28.0,0.0,0.0,1.7101339999999998
Nb22W50Ti28,1.2169,-2.17834702319999,BCC,-6.3872,5.22,2722.98,1.9631999999999998,8.614235838824499,0.26588186851931145,0.0,0.0,50.0,0.0,22.0,0.0,28.0,0.0,0.0,1.166034
Nb22Zr50Hf28,1.4387,-0.4491731818000062,BCC,2.7456,4.22,2096.18,1.381,8.614235838824499,0.3617596987500796,0.0,0.0,0.0,0.0,22.0,0.0,0.0,50.0,28.0,1.7882179999999999
Ta22Cr50Nb28,1.0051,3.89328910940003,BCC,-7.0,5.5,2310.8,1.608,8.614235838824499,0.6569343065693423,50.0,0.0,0.0,0.0,28.0,22.0,0.0,0.0,0.0,1.153698
Ta22Ti50Hf28,1.4873,-0.7187416323999969,BCC,1.1792,4.22,2122.98,1.464,8.614235838824499,0.36892161165845505,0.0,0.0,0.0,0.0,0.0,22.0,50.0,0.0,28.0,1.8300159999999999
V22Nb50Ta28,1.7102,1.697550296600014,BCC,-0.6864,5.0,2503.46,1.5786000000000002,8.614235838824499,0.3467463478327222,0.0,0.0,0.0,22.0,50.0,28.0,0.0,0.0,0.0,1.790296
V22Nb50Zr28,1.6318,3.262769063799965,BCC,0.8144,4.72,2177.26,1.531,8.614235838824499,0.6256987805162717,0.0,0.0,0.0,22.0,50.0,0.0,0.0,28.0,0.0,1.8445600000000002
V22Ta50Ti28,1.658,0.9341137128000128,BCC,-0.3728,4.72,2395.74,1.5398000000000003,8.614235838824499,0.3576412383591233,0.0,0.0,0.0,22.0,0.0,50.0,28.0,0.0,0.0,1.742078
W22Hf50V28,1.3271,2.256801906800035,BCC,-4.0064,4.72,2404.14,1.6256,8.614235838824499,0.7814564149212047,0.0,0.0,22.0,28.0,0.0,0.0,0.0,0.0,50.0,1.5912
W22Ta50Ti28,1.4236,-1.408337145400026,BCC,-3.9984000000000006,4.94,2728.38,1.7004,8.614235838824499,0.2126382778490382,0.0,0.0,22.0,0.0,0.0,50.0,28.0,0.0,0.0,1.3972280000000001
W22Ti50Zr28,1.4785,-0.3691226394000182,BCC,-4.857600000000001,4.44,2105.4,1.6616,8.614235838824499,0.5109446665724382,0.0,0.0,22.0,0.0,0.0,0.0,50.0,28.0,0.0,1.54486
W22V50Nb28,1.5546,0.2819506178000211,BCC,-2.9712000000000005,5.22,2401.4,1.7822,8.614235838824499,0.3677591878974781,0.0,0.0,22.0,50.0,28.0,0.0,0.0,0.0,0.0,1.611594
W22V50Ti28,1.7294,-0.5119076754000389,BCC,-3.0384,4.94,2174.88,1.7653999999999999,8.614235838824499,0.39709537452129373,0.0,0.0,22.0,50.0,0.0,0.0,28.0,0.0,0.0,1.636878
Zr22Mo50Nb28,1.1863,-0.4242149627999652,BCC,-5.0144,5.28,2412.5,1.8206,8.614235838824499,0.5641163106604605,0.0,50.0,0.0,0.0,28.0,0.0,0.0,22.0,0.0,1.174334
Cr10Mo30V40Hf20,1.2989,0.4264334769999891,BCC,-2.64,5.2,2188.2,1.726,10.640708033581111,0.7193919455654091,10.0,30.0,0.0,40.0,0.0,0.0,0.0,0.0,20.0,1.4016399999999998
Cr10Nb30Ta40Hf20,1.4047,3.368067458000041,BCC,-0.76,4.9,2587.2,1.506,10.640708033581111,0.551560830517634,10.0,0.0,0.0,0.0,30.0,40.0,0.0,0.0,20.0,1.5979400000000001
Cr10Nb30Ta40Ti20,1.5777,1.521889672000043,BCC,-1.72,4.9,2474.2,1.554,10.640708033581111,0.3795620389486072,10.0,0.0,0.0,0.0,30.0,40.0,20.0,0.0,0.0,1.61138
Cr10V30Ta40Hf20,1.5094,3.995033262999982,BCC,-2.08,4.9,2417.1,1.515,10.640708033581111,0.7037498708013473,10.0,0.0,0.0,30.0,0.0,40.0,0.0,0.0,20.0,1.6415
Cr10W30Nb40Ta20,1.1135,0.3739392880000878,BCC,-7.08,5.4,2811.5,1.8139999999999998,10.640708033581111,0.39740486709346984,10.0,0.0,30.0,0.0,40.0,20.0,0.0,0.0,0.0,1.23345
Cr10W30Ti40Zr20,1.3541,-0.3319918300000495,BCC,-7.0,4.8,2254.9,1.756,10.640708033581111,0.6390181715865689,10.0,0.0,30.0,0.0,0.0,0.0,40.0,20.0,0.0,1.30833
Hf10Ta30Mo40W20,0.8697,-1.809348120999971,BCC,-4.84,5.5,2862.0,1.916,10.640708033581111,0.43015271548602113,0.0,40.0,20.0,0.0,0.0,30.0,0.0,0.0,10.0,0.9521599999999999
Mo10Cr30W40Ta20,0.5357,2.622347354999988,BCC,-3.8400000000000003,5.8,2806.6,1.9580000000000002,10.640708033581111,0.4754511593794969,30.0,10.0,40.0,0.0,0.0,20.0,0.0,0.0,0.0,0.7120000000000001
Mo10Nb30Hf40W20,1.2387,-0.3728125669999258,BCC,-3.2800000000000002,4.9,2583.0,1.6879999999999997,10.640708033581111,0.5718204605511403,0.0,10.0,20.0,0.0,30.0,0.0,0.0,0.0,40.0,1.4473399999999998
Mo10Nb30Hf40Zr20,1.3385,-2.045013762999929,BCC,1.0399999999999996,4.5,2269.0,1.482,10.640708033581111,0.49854165177522575,0.0,10.0,0.0,0.0,30.0,0.0,0.0,20.0,40.0,1.70374
Mo10Nb30Ta40Hf20,1.3982,-0.2510748050000302,BCC,0.08000000000000007,4.9,2658.8,1.556,10.640708033581111,0.40051935685246476,0.0,10.0,0.0,0.0,30.0,40.0,0.0,0.0,20.0,1.5935400000000002
Mo10Nb30Ta40Ti20,1.5697,-1.09079159099997,BCC,-1.04,4.9,2545.8,1.604,10.640708033581111,0.1513588697288334,0.0,10.0,0.0,0.0,30.0,40.0,20.0,0.0,0.0,1.60698
Mo10Nb30Ti40Hf20,1.377,-3.111694889000034,BCC,0.23999999999999977,4.5,2119.2,1.5719999999999998,10.640708033581111,0.3920860892813656,0.0,10.0,0.0,0.0,30.0,0.0,40.0,0.0,20.0,1.7633
Mo10Ti30W40Hf20,1.2507,-0.389605873999983,BCC,-5.6,5.0,2578.1,1.882,10.640708033581111,0.5248633845485264,0.0,10.0,40.0,0.0,0.0,0.0,30.0,0.0,20.0,1.18535
Mo10V30Ta40Zr20,1.5271,2.668543994000061,BCC,-1.76,4.9,2412.5,1.571,10.640708033581111,0.6382183868071726,0.0,10.0,0.0,30.0,0.0,40.0,0.0,20.0,0.0,1.6044200000000002
Mo10W30Hf40Zr20,1.2317,-1.033923711,BCC,-6.16,4.8,2552.5,1.71,10.640708033581111,0.6592558621363558,0.0,10.0,30.0,0.0,0.0,0.0,0.0,20.0,40.0,1.27705
Mo10W30Nb40Hf20,1.2116,-1.398827911000069,BCC,-5.28,5.2,2726.3,1.824,10.640708033581111,0.5010146054252311,0.0,10.0,30.0,0.0,40.0,0.0,0.0,0.0,20.0,1.3004900000000001
Mo10W30Nb40Zr20,1.2587,-0.5038829270000065,BCC,-6.16,5.2,2650.1,1.83,10.640708033581111,0.5252134113063245,0.0,10.0,30.0,0.0,40.0,0.0,0.0,20.0,0.0,1.26781
Mo10W30V40Zr20,1.3651,0.7955061029999229,BCC,-4.4,5.2,2423.3,1.8419999999999999,10.640708033581111,0.6842987155343433,0.0,10.0,30.0,40.0,0.0,0.0,0.0,20.0,0.0,1.32589
Nb10Mo30W40Ti20,0.9074,-3.052979564999987,BCC,-4.720000000000001,5.5,2737.0,2.06,10.640708033581111,0.2493123135712466,0.0,30.0,40.0,0.0,10.0,0.0,20.0,0.0,0.0,0.9130199999999999
Nb10Ta30Ti40Hf20,1.4704,-1.490297206999969,BCC,1.84,4.4,2266.6,1.486,10.640708033581111,0.336910077798957,0.0,0.0,0.0,0.0,10.0,30.0,40.0,0.0,20.0,1.7924099999999998
Ta10Ti30Mo40V20,1.3446,-3.387631753999983,BCC,-3.16,5.1,2233.3,1.8020000000000003,10.640708033581111,0.35215473419716076,0.0,40.0,0.0,20.0,0.0,10.0,30.0,0.0,0.0,1.35726
Ti10Cr30Mo40V20,0.8162,-0.1496295670000336,BCC,-2.12,5.6,2170.1,1.842,10.640708033581111,0.4394088751765069,30.0,40.0,0.0,20.0,0.0,0.0,10.0,0.0,0.0,0.99779
Ti10Cr30Mo40W20,0.623,2.28853301099997,BCC,-1.72,5.8,2472.5,1.9880000000000002,10.640708033581111,0.44229916038457356,30.0,40.0,20.0,0.0,0.0,0.0,10.0,0.0,0.0,0.6842900000000001
Ti10Ta30Zr40W20,1.4576,2.806575234000093,BCC,-3.480000000000001,4.7,2497.1,1.6079999999999999,10.640708033581111,0.5559040504405672,0.0,0.0,20.0,0.0,0.0,30.0,10.0,40.0,0.0,1.42012
Ti10W30Nb40Zr20,1.3701,1.149131025000088,BCC,-5.12,5.0,2554.6,1.7679999999999998,10.640708033581111,0.49760169939372506,0.0,0.0,30.0,0.0,40.0,0.0,10.0,20.0,0.0,1.40618
V10Nb30Hf40W20,1.3303,2.365744029000041,BCC,-2.4400000000000004,4.8,2511.7,1.635,10.640708033581111,0.6205729143148593,0.0,0.0,20.0,10.0,30.0,0.0,0.0,0.0,40.0,1.5912
V10Nb30Ta40Hf20,1.5254,2.292720971000051,BCC,1.48,4.8,2587.5,1.5030000000000001,10.640708033581111,0.4613297150610584,0.0,0.0,0.0,10.0,30.0,40.0,0.0,0.0,20.0,1.7374
V10Nb30Ta40Ti20,1.696,1.530359625000017,BCC,0.36,4.8,2474.5,1.551,10.640708033581111,0.2543322608908381,0.0,0.0,0.0,10.0,30.0,40.0,20.0,0.0,0.0,1.75084
V10Nb30Ta40Zr20,1.6083,3.246292294999989,BCC,1.32,4.8,2511.3,1.5090000000000001,10.640708033581111,0.48402631705939747,0.0,0.0,0.0,10.0,30.0,40.0,0.0,20.0,0.0,1.70472
V10Nb30Ti40Cr20,1.635,1.250928073000011,BCC,-3.5600000000000005,4.8,1982.7,1.591,10.640708033581111,0.5481245172862217,20.0,0.0,0.0,10.0,30.0,0.0,40.0,0.0,0.0,1.6526600000000002
V10Nb30Ti40Zr20,1.5706,0.26747602100005,BCC,1.1599999999999997,4.4,1971.7,1.525,10.640708033581111,0.4777748521530727,0.0,0.0,0.0,10.0,30.0,0.0,40.0,20.0,0.0,1.8744800000000001
V10Ta30Hf40Zr20,1.3476,0.6483915840000236,BCC,1.4,4.4,2359.7,1.399,10.640708033581111,0.5666193932438052,0.0,0.0,0.0,10.0,0.0,30.0,0.0,20.0,40.0,1.7473699999999999
W10Cr30Mo40Zr20,0.7725,3.65926980800009,BCC,-5.4,5.6,2333.9,1.864,10.640708033581111,0.7949678773573691,30.0,40.0,10.0,0.0,0.0,0.0,0.0,20.0,0.0,0.78943
W10Cr30V40Hf20,1.4211,2.421188727999947,BCC,-4.28,5.2,2124.9,1.6459999999999997,10.640708033581111,0.8106670248201014,30.0,0.0,10.0,40.0,0.0,0.0,0.0,0.0,20.0,1.3975499999999998
W10Nb30Hf40Zr20,1.3841,-1.706154937999941,BCC,0.23999999999999932,4.5,2348.9,1.5019999999999998,10.640708033581111,0.49854165177522575,0.0,0.0,10.0,0.0,30.0,0.0,0.0,20.0,40.0,1.6908500000000002
W10Nb30Ta40Hf20,1.4234,-0.3187919000000647,BCC,-0.6399999999999999,4.9,2738.7,1.5759999999999998,10.640708033581111,0.40051935685246476,0.0,0.0,10.0,0.0,30.0,40.0,0.0,0.0,20.0,1.5806499999999999
W10Nb30Ta40Zr20,1.5266,0.8494402640000089,BCC,-0.8800000000000001,4.9,2662.5,1.5819999999999999,10.640708033581111,0.4253882511816341,0.0,0.0,10.0,0.0,30.0,40.0,0.0,20.0,0.0,1.54797
W10Nb30Ti40Zr20,1.469,-2.473528679999959,BCC,-0.7200000000000006,4.5,2122.9,1.5979999999999999,10.640708033581111,0.4164753157189559,0.0,0.0,10.0,0.0,30.0,0.0,40.0,20.0,0.0,1.71773
W10Ta30Ti40Zr20,1.4547,-2.056376668999974,BCC,-1.3200000000000005,4.5,2284.9,1.5679999999999998,10.640708033581111,0.4164753157189559,0.0,0.0,10.0,0.0,0.0,30.0,40.0,20.0,0.0,1.6175
W10V30Cr40Zr20,1.3406,4.405913478999992,BCC,-6.440000000000001,5.3,2048.4,1.6549999999999998,10.640708033581111,0.8654902689150042,40.0,0.0,10.0,30.0,0.0,0.0,0.0,20.0,0.0,1.2254099999999999
W10V30Nb40Ti20,1.6687,-0.4056483089999006,BCC,-2.2,4.9,2239.6,1.673,10.640708033581111,0.39546125008028726,0.0,0.0,10.0,30.0,40.0,0.0,20.0,0.0,0.0,1.7712900000000003
W10V30Ta40Hf20,1.4661,2.160952314999975,BCC,-1.72,4.9,2568.6,1.585,10.640708033581111,0.6159914721736074,0.0,0.0,10.0,30.0,0.0,40.0,0.0,0.0,20.0,1.62421
W10V30Ti40Zr20,1.5951,-0.3394237950000161,BCC,-3.72,4.5,1952.8,1.607,10.640708033581111,0.641821946169772,0.0,0.0,10.0,30.0,0.0,0.0,40.0,20.0,0.0,1.7612899999999998
Zr10Cr30Mo40V20,0.807,2.798292113000002,BCC,-3.2000000000000006,5.6,2188.5,1.821,10.640708033581111,0.6561054290151132,30.0,40.0,0.0,20.0,0.0,0.0,0.0,10.0,0.0,0.9747300000000001
Zr10Cr30V40Nb20,1.4535,4.91283299700001,BCC,-4.72,5.2,2016.7,1.6029999999999998,10.640708033581111,0.7176987536496311,30.0,0.0,0.0,40.0,20.0,0.0,0.0,10.0,0.0,1.52113
Zr10W30Ta40Hf20,1.2702,2.047914589000072,BCC,-4.44,5.0,2865.2,1.7009999999999998,10.640708033581111,0.5429727251633226,0.0,0.0,30.0,0.0,0.0,40.0,0.0,10.0,20.0,1.2821600000000002
Cr25Mo25V25Hf25,1.2908,3.274875554999937,BCC,-4.25,5.25,2168.25,1.6875,11.52565131835077,0.8314604804873443,25.0,25.0,0.0,25.0,0.0,0.0,0.0,0.0,25.0,1.258275
Cr25Mo25W25Nb25,0.5441,1.466063952500008,BCC,-5.0,5.75,2607.25,1.945,11.52565131835077,0.46681517125815636,25.0,25.0,25.0,0.0,25.0,0.0,0.0,0.0,0.0,0.860625
Cr25Nb25Ta25Hf25,1.32,3.928430547500056,BCC,-4.0,5.0,2408.5,1.515,11.52565131835077,0.762086752086709,25.0,0.0,0.0,0.0,25.0,25.0,0.0,0.0,25.0,1.4618
Cr25Nb25Ta25Ti25,1.457,1.802389940000012,BCC,-4.5,5.0,2267.25,1.575,11.52565131835077,0.560780003371592,25.0,0.0,0.0,0.0,25.0,25.0,25.0,0.0,0.0,1.4786000000000001
Cr25V25Ta25Hf25,1.3288,3.981477454999947,BCC,-4.5,5.0,2266.75,1.5225,11.52565131835077,0.8382528845372944,25.0,0.0,0.0,25.0,0.0,25.0,0.0,0.0,25.0,1.4981
Cr25W25Nb25Ta25,1.0441,1.887724302499976,BCC,-7.0,5.5,2705.75,1.78,11.52565131835077,0.5267417482767603,25.0,0.0,25.0,0.0,25.0,25.0,0.0,0.0,0.0,1.10045
Cr25W25Ti25Zr25,1.3764,4.650900059999969,BCC,-8.25,5.0,2212.25,1.7225,11.52565131835077,0.8134228243852788,25.0,0.0,25.0,0.0,0.0,0.0,25.0,25.0,0.0,1.171475
Hf25Ta25Mo25W25,1.1055,-1.027804539999977,BCC,-4.75,5.25,2823.75,1.83,11.52565131835077,0.5602910110141027,0.0,25.0,25.0,0.0,0.0,25.0,0.0,0.0,25.0,1.095225
Mo25Cr25W25Ta25,0.4825,-0.4245956350000597,BCC,-4.5,5.75,2742.25,1.92,11.52565131835077,0.46681517125815636,25.0,25.0,25.0,0.0,0.0,25.0,0.0,0.0,0.0,0.7771000000000001
Mo25Nb25Hf25W25,1.0857,-0.9001516625000363,BCC,-5.0,5.25,2688.75,1.855,11.52565131835077,0.5602910110141027,0.0,25.0,25.0,0.0,25.0,0.0,0.0,0.0,25.0,1.17875
Mo25Nb25Hf25Zr25,1.3203,-0.754644140000039,BCC,-2.0,4.75,2296.25,1.5975,11.52565131835077,0.5867564618102441,0.0,25.0,0.0,0.0,25.0,0.0,0.0,25.0,25.0,1.4992499999999997
Mo25Nb25Ta25Hf25,1.3159,-1.466625995000015,BCC,-2.0,5.0,2587.5,1.64,11.52565131835077,0.490062111688168,0.0,25.0,0.0,0.0,25.0,25.0,0.0,0.0,25.0,1.4507999999999999
Mo25Nb25Ta25Ti25,1.4191,-2.335899772499999,BCC,-3.0,5.0,2446.25,1.7,11.52565131835077,0.22156139229871502,0.0,25.0,0.0,0.0,25.0,25.0,25.0,0.0,0.0,1.4676
Mo25Nb25Ti25Hf25,1.3444,-2.228802854999969,BCC,-2.0,4.75,2250.25,1.65,11.52565131835077,0.486592346685226,0.0,25.0,0.0,0.0,25.0,0.0,25.0,0.0,25.0,1.5569
Mo25Ta25Hf25Zr25,1.2792,-0.5894788974999869,BCC,-2.25,4.75,2431.25,1.5725,11.52565131835077,0.5867564618102441,0.0,25.0,0.0,0.0,0.0,25.0,0.0,25.0,25.0,1.415725
Mo25Ti25W25Hf25,1.1684,-1.853128139999967,BCC,-5.0,5.0,2486.5,1.84,11.52565131835077,0.5606406008131823,0.0,25.0,25.0,0.0,0.0,0.0,25.0,0.0,25.0,1.201325
Mo25V25Hf25Zr25,1.311,1.167844517499987,BCC,-4.0,4.75,2154.5,1.605,11.52565131835077,0.7865166707312714,0.0,25.0,0.0,25.0,0.0,0.0,0.0,25.0,25.0,1.53555
Mo25V25Ta25Zr25,1.3955,2.30787442999997,BCC,-3.25,5.0,2350.5,1.655,11.52565131835077,0.675785752902033,0.0,25.0,0.0,25.0,0.0,25.0,0.0,25.0,0.0,1.44625
Mo25V25Ti25Zr25,1.4393,0.7344789199999582,BCC,-4.0,4.75,2013.25,1.665,11.52565131835077,0.6774787139444309,0.0,25.0,0.0,25.0,0.0,0.0,25.0,25.0,0.0,1.55235
Mo25W25Hf25Zr25,1.1733,0.4424672149999651,BCC,-6.25,5.0,2532.5,1.7875,11.52565131835077,0.6871755945315258,0.0,25.0,25.0,0.0,0.0,0.0,0.0,25.0,25.0,1.143675
Mo25W25Nb25Hf25,1.1369,-0.6174250825000058,BCC,-5.0,5.25,2688.75,1.855,11.52565131835077,0.5602910110141027,0.0,25.0,25.0,0.0,25.0,0.0,0.0,0.0,25.0,1.17875
Mo25W25Nb25Zr25,1.1663,0.5160426049999955,BCC,-6.25,5.25,2593.5,1.8625,11.52565131835077,0.5872064451877491,0.0,25.0,25.0,0.0,25.0,0.0,0.0,25.0,0.0,1.1379
Nb25Ta25Ti25Hf25,1.4666,0.04393058499999825,BCC,2.5,4.5,2348.75,1.485,11.52565131835077,0.36789297658862896,0.0,0.0,0.0,0.0,25.0,25.0,25.0,0.0,25.0,1.7967250000000001
Ta25Ti25Mo25V25,1.4782,-1.809801185000026,BCC,-2.75,5.0,2304.5,1.7075,11.52565131835077,0.3756235269517545,0.0,25.0,0.0,25.0,0.0,25.0,25.0,0.0,0.0,1.5039000000000002
Ta25V25Ti25Zr25,1.524,2.723392289999992,BCC,-0.75,4.5,2111.75,1.5,11.52565131835077,0.6270924129235419,0.0,0.0,0.0,25.0,0.0,25.0,25.0,25.0,0.0,1.792175
Ti25Cr25Mo25V25,1.4067,-1.069233262500006,BCC,-3.75,5.25,2027.0,1.7475,11.52565131835077,0.5083353385833617,25.0,25.0,0.0,25.0,0.0,0.0,25.0,0.0,0.0,1.275075
Ti25Cr25Mo25W25,1.0075,-1.150133395000012,BCC,-4.0,5.5,2405.0,1.93,11.52565131835077,0.4889152200577131,25.0,25.0,25.0,0.0,0.0,0.0,25.0,0.0,0.0,0.8832
Ti25Ta25Zr25W25,1.4659,1.042884107500015,BCC,-4.5,4.75,2489.75,1.6825,11.52565131835077,0.5123564489224024,0.0,0.0,25.0,0.0,0.0,25.0,25.0,25.0,0.0,1.4003
Ti25W25Nb25Zr25,1.4419,0.9303278449999652,BCC,-4.25,4.75,2354.75,1.7075,11.52565131835077,0.5123564489224024,0.0,0.0,25.0,0.0,25.0,0.0,25.0,25.0,0.0,1.483825
V25Nb25Hf25W25,1.4233,1.832342042499988,BCC,-3.5,5.0,2510.5,1.7225,11.52565131835077,0.6501139871299633,0.0,0.0,25.0,25.0,25.0,0.0,0.0,0.0,25.0,1.5384
V25Nb25Ta25Hf25,1.4857,2.034500400000013,BCC,0.75,4.75,2409.25,1.5075,11.52565131835077,0.604606467823159,0.0,0.0,0.0,25.0,25.0,25.0,0.0,0.0,25.0,1.81045
V25Nb25Ta25Zr25,1.5569,3.699192107499982,BCC,0.25,4.75,2314.0,1.515,11.52565131835077,0.6283942880382928,0.0,0.0,0.0,25.0,25.0,25.0,0.0,25.0,0.0,1.7695999999999998
V25Nb25Ti25Cr25,1.5582,2.267180435,BCC,-4.25,5.0,1990.5,1.6075,11.52565131835077,0.5796651510683029,25.0,0.0,0.0,25.0,25.0,0.0,25.0,0.0,0.0,1.598425
V25Nb25Ti25Zr25,1.5917,2.455528777499978,BCC,-0.25,4.5,1976.75,1.525,11.52565131835077,0.6270924129235419,0.0,0.0,0.0,25.0,25.0,0.0,25.0,25.0,0.0,1.8757
V25Ti25Hf25W25,1.3916,0.9159848949999514,BCC,-4.25,4.75,2308.25,1.7075,11.52565131835077,0.6524292493099869,0.0,0.0,25.0,25.0,0.0,0.0,25.0,0.0,25.0,1.5609750000000002
W25Cr25Mo25Zr25,0.891,4.909376799999961,BCC,-6.5,5.5,2451.0,1.8775,11.52565131835077,0.8188431255304928,25.0,25.0,25.0,0.0,0.0,0.0,0.0,25.0,0.0,0.8255500000000001
W25Cr25V25Hf25,1.2708,4.295431907500017,BCC,-4.75,5.25,2368.0,1.7375,11.52565131835077,0.8314604804873443,25.0,0.0,25.0,25.0,0.0,0.0,0.0,0.0,25.0,1.22605
W25Nb25Hf25Zr25,1.2904,1.258578442499982,BCC,-3.75,4.75,2496.0,1.6475,11.52565131835077,0.5867564618102441,0.0,0.0,25.0,0.0,25.0,0.0,0.0,25.0,25.0,1.4670249999999998
W25Nb25Ta25Hf25,1.3137,0.4307985575000544,BCC,-3.5,5.0,2787.25,1.69,11.52565131835077,0.490062111688168,0.0,0.0,25.0,0.0,25.0,25.0,0.0,0.0,25.0,1.4185750000000001
W25Nb25Ta25Zr25,1.3293,1.743212415000016,BCC,-4.25,5.0,2692.0,1.6975,11.52565131835077,0.5162824467814675,0.0,0.0,25.0,0.0,25.0,25.0,0.0,25.0,0.0,1.377725
W25Nb25Ti25Zr25,1.4339,1.28557426499998,BCC,-4.25,4.75,2354.75,1.7075,11.52565131835077,0.5123564489224024,0.0,0.0,25.0,0.0,25.0,0.0,25.0,25.0,0.0,1.483825
W25Ta25Ti25Zr25,1.4403,1.415604297499954,BCC,-4.5,4.75,2489.75,1.6825,11.52565131835077,0.5123564489224024,0.0,0.0,25.0,0.0,0.0,25.0,25.0,25.0,0.0,1.4003
W25V25Cr25Zr25,1.2973,6.119638664999968,BCC,-6.75,5.25,2272.75,1.745,11.52565131835077,0.8591356561344667,25.0,0.0,25.0,25.0,0.0,0.0,0.0,25.0,0.0,1.1852
W25V25Nb25Ti25,1.5796,0.01876097499996376,BCC,-4.0,5.0,2369.25,1.7825,11.52565131835077,0.3756235269517545,0.0,0.0,25.0,25.0,25.0,0.0,25.0,0.0,0.0,1.5552000000000001
W25V25Ta25Hf25,1.3598,2.039948504999984,BCC,-3.5,5.0,2645.5,1.6975,11.52565131835077,0.6501139871299633,0.0,0.0,25.0,25.0,0.0,25.0,0.0,0.0,25.0,1.4548750000000001
W25V25Ti25Zr25,1.4639,2.178117982499941,BCC,-5.5,4.75,2213.0,1.715,11.52565131835077,0.6774787139444309,0.0,0.0,25.0,25.0,0.0,0.0,25.0,25.0,0.0,1.520125
Zr25W25Ta25Hf25,1.2621,1.571526825000035,BCC,-4.0,4.75,2631.0,1.6225,11.52565131835077,0.586756461810244,0.0,0.0,25.0,0.0,0.0,25.0,0.0,25.0,25.0,1.3835
Cr50Mo10V30Hf10,0.9318,0.779893578000042,BCC,-3.4000000000000004,5.5,2012.1,1.665,9.71310029076794,0.6798831029212162,50.0,10.0,0.0,30.0,0.0,0.0,0.0,0.0,10.0,1.1437300000000001
Cr50Mo10W30Nb10,0.5931,5.886880840999993,BCC,-2.0,5.9,2490.1,1.9139999999999997,9.71310029076794,0.48498182102154874,50.0,10.0,30.0,0.0,10.0,0.0,0.0,0.0,0.0,0.67117
Cr50Nb10Ta30Ti10,1.1644,3.974651162000043,BCC,-6.800000000000001,5.4,2273.1,1.594,9.71310029076794,0.6640696238728018,50.0,0.0,0.0,0.0,10.0,30.0,10.0,0.0,0.0,1.136
Cr50V10Nb30Hf10,1.2071,5.832702168999958,BCC,-6.120000000000001,5.4,2110.9,1.6030000000000002,9.71310029076794,0.7790876773651014,50.0,0.0,0.0,10.0,30.0,0.0,0.0,0.0,10.0,1.24403
Cr50V10Ta30Hf10,1.1643,6.745154289999959,BCC,-6.24,5.4,2272.9,1.5730000000000002,9.71310029076794,0.7790876773651014,50.0,0.0,0.0,10.0,0.0,30.0,0.0,0.0,10.0,1.1438
Cr50W10Nb30Ta10,0.7157,4.085992030999989,BCC,-6.640000000000001,5.6,2340.5,1.696,9.71310029076794,0.6260365071164146,50.0,0.0,10.0,0.0,30.0,10.0,0.0,0.0,0.0,1.05156
Cr50W10Ti30Zr10,1.336,0.1295441280000205,BCC,-7.48,5.2,1981.3,1.6610000000000003,9.71310029076794,0.8030084160692794,50.0,0.0,10.0,0.0,0.0,0.0,30.0,10.0,0.0,1.09803
Hf50Ta10Mo30W10,1.1846,0.3820597980000002,BCC,-3.88,4.9,2547.3,1.6840000000000002,9.71310029076794,0.6351648178766778,0.0,30.0,10.0,0.0,0.0,10.0,0.0,0.0,50.0,1.2997899999999998
Mo50Cr10W30Ta10,0.5132,2.62561385600003,BCC,-2.0,5.9,2830.5,2.1039999999999996,9.71310029076794,0.2960791418280403,10.0,50.0,30.0,0.0,0.0,10.0,0.0,0.0,0.0,0.62016
Mo50Nb10Hf30W10,1.0593,-1.213920099000006,BCC,-4.16,5.3,2571.3,1.8659999999999999,9.71310029076794,0.6139211331177317,0.0,50.0,10.0,0.0,10.0,0.0,0.0,0.0,30.0,1.0699
Mo50Nb10Hf30Zr10,1.0841,-3.461642951999977,BCC,-4.16,5.1,2414.3,1.7630000000000001,9.71310029076794,0.6474085907391449,0.0,50.0,0.0,0.0,10.0,0.0,0.0,10.0,30.0,1.1981
Mo50Nb10Ta30Hf10,0.9179,-2.725930979999987,BCC,-4.4799999999999995,5.4,2687.6,1.82,9.71310029076794,0.42047890007874783,0.0,50.0,0.0,0.0,10.0,30.0,0.0,0.0,10.0,1.10728
Mo50Nb10Ta30Ti10,0.9489,-4.449201272999971,BCC,-4.8,5.4,2631.1,1.844,9.71310029076794,0.2532323995128725,0.0,50.0,0.0,0.0,10.0,30.0,10.0,0.0,0.0,1.114
Mo50Nb10Ti30Hf10,1.2356,-6.675342607999994,BCC,-4.0,5.1,2282.9,1.8319999999999999,9.71310029076794,0.4282935218378758,0.0,50.0,0.0,0.0,10.0,0.0,30.0,0.0,10.0,1.2346000000000001
Mo50Ta10Hf30Zr10,1.0611,-4.259327234999944,BCC,-4.119999999999999,5.1,2468.3,1.7530000000000001,9.71310029076794,0.6474085907391449,0.0,50.0,0.0,0.0,0.0,10.0,0.0,10.0,30.0,1.16469
Mo50Ti10Hf30Zr10,1.1756,-3.013214740999956,BCC,-4.4,5.0,2333.4,1.7570000000000001,9.71310029076794,0.6460162308022944,0.0,50.0,0.0,0.0,0.0,0.0,10.0,10.0,30.0,1.20713
Mo50Ti10W30Hf10,0.6562,-1.408851798000001,BCC,-3.04,5.6,2728.2,2.072,9.71310029076794,0.43791748085359805,0.0,50.0,30.0,0.0,0.0,0.0,10.0,0.0,10.0,0.7898499999999999
Mo50V10Hf30Zr10,1.1948,-2.582400097000004,BCC,-4.0,5.1,2357.6,1.7660000000000002,9.71310029076794,0.7116399102725772,0.0,50.0,0.0,10.0,0.0,0.0,0.0,10.0,30.0,1.21262
Mo50V10Ta30Zr10,0.9858,-2.37630397800001,BCC,-4.12,5.4,2592.8,1.8260000000000003,9.71310029076794,0.4835318850735811,0.0,50.0,0.0,10.0,0.0,30.0,0.0,10.0,0.0,1.10546
Mo50V10Ti30Zr10,1.2988,-6.166628126000035,BCC,-4.0,5.1,2188.1,1.838,9.71310029076794,0.49349031508747837,0.0,50.0,0.0,10.0,0.0,0.0,30.0,10.0,0.0,1.23278
Mo50W10Hf30Zr10,1.0565,-4.517878967999991,BCC,-4.680000000000001,5.2,2508.8,1.839,9.71310029076794,0.674657567310026,0.0,50.0,10.0,0.0,0.0,0.0,0.0,10.0,30.0,1.05587
Mo50W10Nb30Hf10,0.7258,-4.461741216999997,BCC,-5.119999999999999,5.5,2620.1,1.926,9.71310029076794,0.43015271548602124,0.0,50.0,10.0,0.0,30.0,0.0,0.0,0.0,10.0,1.06528
Mo50W10Nb30Zr10,0.7219,-4.621304179999981,BCC,-5.640000000000001,5.5,2582.0,1.929,9.71310029076794,0.448017176881158,0.0,50.0,10.0,0.0,30.0,0.0,0.0,10.0,0.0,1.04894
Mo50W10Ti30Zr10,1.1665,-7.829881707000027,BCC,-4.680000000000001,5.2,2339.3,1.9110000000000003,9.71310029076794,0.4572299568592127,0.0,50.0,10.0,0.0,0.0,0.0,30.0,10.0,0.0,1.07603
Mo50W10V30Zr10,0.8442,-5.525518825000006,BCC,-2.16,5.5,2411.9,1.9380000000000002,9.71310029076794,0.5127659073975152,0.0,50.0,10.0,30.0,0.0,0.0,0.0,10.0,0.0,1.0925000000000002
Nb50Mo10W30Ti10,1.2135,-1.278689328000041,BCC,-6.4799999999999995,5.3,2694.2,1.878,9.71310029076794,0.24583272789683924,0.0,10.0,30.0,0.0,50.0,0.0,10.0,0.0,0.0,1.3049000000000002
Nb50Ta10Ti30Hf10,1.5648,-3.296200186000021,BCC,2.24,4.6,2263.9,1.5419999999999998,9.71310029076794,0.25922935595811697,0.0,0.0,0.0,0.0,50.0,10.0,30.0,0.0,10.0,1.8478899999999998
Nb50Ti10Hf30Zr10,1.4407,-0.2780890159999672,BCC,3.5999999999999996,4.5,2260.4,1.477,9.71310029076794,0.42416365542938783,0.0,0.0,0.0,0.0,50.0,0.0,10.0,10.0,30.0,1.8538299999999999
Ta50Ti10Mo30V10,1.3243,-2.73673211199997,BCC,-3.56,5.2,2653.2,1.715,9.71310029076794,0.30492354421676804,0.0,30.0,0.0,10.0,0.0,50.0,10.0,0.0,0.0,1.3203799999999999
Ta50V10Ti30Zr10,1.6219,-2.513822016000006,BCC,0.6,4.6,2385.1,1.508,9.71310029076794,0.3983097463725642,0.0,0.0,0.0,10.0,0.0,50.0,30.0,10.0,0.0,1.71243
Ti50Cr10Mo30V10,1.4034,0.1806209389999935,BCC,-4.28,4.9,2002.6,1.7469999999999999,9.71310029076794,0.4519531911929403,10.0,30.0,0.0,10.0,0.0,0.0,50.0,0.0,0.0,1.39861
Ti50Cr10Mo30W10,1.4446,2.539594867999995,BCC,-4.96,5.0,2153.8,1.82,9.71310029076794,0.42100851391807864,10.0,30.0,10.0,0.0,0.0,0.0,50.0,0.0,0.0,1.24186
Ti50Ta10Zr30W10,1.5359,2.257059458999947,BCC,-2.0000000000000004,4.3,2033.5,1.555,9.71310029076794,0.4628414655389276,0.0,0.0,10.0,0.0,0.0,10.0,50.0,30.0,0.0,1.67932
Ti50W10Nb30Zr10,1.5684,-0.4775247399999785,BCC,-0.8400000000000003,4.5,2104.5,1.619,9.71310029076794,0.32974622553020694,0.0,0.0,10.0,0.0,30.0,0.0,50.0,10.0,0.0,1.74079
V50Nb10Ta30Hf10,1.7171,5.177909669999963,BCC,-0.68,4.9,2331.1,1.555,9.71310029076794,0.5784669805214281,0.0,0.0,0.0,50.0,10.0,30.0,0.0,0.0,10.0,1.82658
V50Nb10Ta30Ti10,1.7642,2.907270946999972,BCC,-1.0,4.9,2274.6,1.579,9.71310029076794,0.4358710818207566,0.0,0.0,0.0,50.0,10.0,30.0,10.0,0.0,0.0,1.8333000000000002
V50Nb10Ta30Zr10,1.7278,4.737197236999975,BCC,-1.08,4.9,2293.0,1.558,9.71310029076794,0.5935540384259481,0.0,0.0,0.0,50.0,10.0,30.0,0.0,10.0,0.0,1.81024
V50Nb10Ti30Cr10,1.7106,0.2324027299999898,BCC,-2.6799999999999997,4.8,1893.8,1.6029999999999998,9.71310029076794,0.5025706441962408,10.0,0.0,0.0,50.0,10.0,0.0,30.0,0.0,0.0,1.82665
V50Nb10Ti30Zr10,1.6111,0.1018605589999879,BCC,-1.8000000000000003,4.6,1888.3,1.57,9.71310029076794,0.604655157752773,0.0,0.0,0.0,50.0,10.0,0.0,30.0,10.0,0.0,1.9375600000000004
V50Ta10Hf30Zr10,1.5737,3.020452134999971,BCC,-1.7200000000000002,4.6,2111.8,1.4880000000000002,9.71310029076794,0.8195733239063226,0.0,0.0,0.0,50.0,0.0,10.0,0.0,10.0,30.0,1.88399
W50Cr10V30Hf10,0.9749,-4.143085068999994,BCC,-2.4400000000000004,5.5,2698.0,1.965,9.71310029076794,0.5561237400258336,10.0,0.0,50.0,30.0,0.0,0.0,0.0,0.0,10.0,1.06168
W50Nb10Hf30Zr10,1.1672,-2.654647006999994,BCC,-6.359999999999999,5.1,2813.8,1.8630000000000002,9.71310029076794,0.6474085907391449,0.0,0.0,50.0,0.0,10.0,0.0,0.0,10.0,30.0,1.13365
W50Nb10Ta30Hf10,0.9512,-3.165598365000051,BCC,-6.48,5.4,3087.1,1.92,9.71310029076794,0.42047890007874783,0.0,0.0,50.0,0.0,10.0,30.0,0.0,0.0,10.0,1.04283
W50Nb10Ta30Zr10,0.9581,-3.086033748000034,BCC,-7.08,5.4,3049.0,1.923,9.71310029076794,0.4378040305767899,0.0,0.0,50.0,0.0,10.0,30.0,0.0,10.0,0.0,1.02649
W50Nb10Ti30Zr10,1.2512,-6.606353386000023,BCC,-6.599999999999999,5.1,2644.3,1.935,9.71310029076794,0.4449102616461984,0.0,0.0,50.0,0.0,10.0,0.0,30.0,10.0,0.0,1.15381
W50Ta10Ti30Zr10,1.1641,-7.522907689000021,BCC,-6.56,5.1,2698.3,1.925,9.71310029076794,0.4449102616461984,0.0,0.0,50.0,0.0,0.0,10.0,30.0,10.0,0.0,1.1204
W50V10Cr30Zr10,0.5784,-1.135770767999986,BCC,-3.24,5.7,2659.3,1.9740000000000004,9.71310029076794,0.6514807654424865,30.0,0.0,50.0,10.0,0.0,0.0,0.0,10.0,0.0,0.76642
W50V10Nb30Ti10,1.0838,-5.346370494000041,BCC,-6.16,5.4,2811.9,1.977,9.71310029076794,0.29870879889593877,0.0,0.0,50.0,10.0,30.0,0.0,10.0,0.0,0.0,1.1643000000000001
W50V10Ta30Hf10,1.0267,-2.09572965000001,BCC,-5.44,5.4,3030.4,1.923,9.71310029076794,0.4664316731645412,0.0,0.0,50.0,10.0,0.0,30.0,0.0,0.0,10.0,1.05735
W50V10Ti30Zr10,1.2961,-5.340240350999977,BCC,-6.0,5.1,2587.6,1.9380000000000002,9.71310029076794,0.49349031508747837,0.0,0.0,50.0,10.0,0.0,0.0,30.0,10.0,0.0,1.16833
Cr5Hf40Mo15W35Ta5,1.2017,4.194888617999993,BCC,-5.4399999999999995,5.15,2730.55,1.828,10.958644003383364,0.7068074722701739,5.0,15.0,35.0,0.0,0.0,5.0,0.0,0.0,40.0,1.09015
Cr5Mo40Ti15W35V5,0.6531,-1.425488744999996,BCC,-2.51,5.65,2687.95,2.0855,10.958644003383364,0.29350462762523344,5.0,40.0,35.0,5.0,0.0,0.0,15.0,0.0,0.0,0.79507
Cr5Mo40Ti15Zr35Nb5,1.3211,0.4014499169999795,BCC,-5.58,4.95,2166.8,1.7235000000000003,10.958644003383364,0.6878491728835371,5.0,40.0,0.0,0.0,5.0,0.0,15.0,35.0,0.0,1.23651
Cr5Mo40W15V35Nb5,0.6698,-5.270269209500043,BCC,-1.1800000000000002,5.6,2450.2,1.9514999999999998,10.958644003383364,0.2675726603182617,5.0,40.0,15.0,35.0,5.0,0.0,0.0,0.0,0.0,1.109545
Cr5V40Nb15Ti35Zr5,1.6067,-0.7264339900000323,BCC,-2.12,4.65,1907.3,1.5804999999999998,10.958644003383364,0.5585268308655873,5.0,0.0,0.0,40.0,15.0,0.0,35.0,5.0,0.0,1.8721
Cr5W40Nb15Mo35Ta5,0.4999,-0.9413608630000567,BCC,-4.29,5.8,2904.6,2.0980000000000003,10.958644003383364,0.278112884906606,5.0,35.0,40.0,0.0,15.0,5.0,0.0,0.0,0.0,0.751115
Hf5Cr40Mo15W35Nb5,0.5688,4.745928402499999,BCC,-1.96,5.85,2589.45,1.9589999999999999,10.958644003383364,0.5770666771255999,40.0,15.0,35.0,0.0,5.0,0.0,0.0,0.0,5.0,0.66148
Hf5V40Nb15Ta35Ti5,1.6957,2.096026221999978,BCC,-0.66,4.9,2386.55,1.5589999999999997,10.958644003383364,0.4947627714860633,0.0,0.0,0.0,40.0,15.0,35.0,5.0,0.0,5.0,1.7987150000000003
Hf5Zr40W15Nb35Ti5,1.3942,-0.6149960924999505,BCC,-1.5400000000000003,4.65,2316.1,1.5879999999999999,10.958644003383364,0.539916792431771,0.0,0.0,15.0,0.0,35.0,0.0,5.0,40.0,5.0,1.588105
Mo5Nb40Ta15Hf35Zr5,1.4288,-2.844106300499959,BCC,2.3099999999999996,4.65,2448.65,1.4945000000000002,10.958644003383364,0.4561987748043928,0.0,5.0,0.0,0.0,40.0,15.0,0.0,5.0,35.0,1.738185
Mo5Ta40Ti15Cr35Hf5,1.355,1.860848233000013,BCC,-6.099999999999999,5.2,2367.25,1.585,10.958644003383364,0.6777606646918547,35.0,5.0,0.0,0.0,0.0,40.0,15.0,0.0,5.0,1.231
Mo5V40Nb15Ti35Hf5,1.6803,-0.5097489400000086,BCC,-1.48,4.65,1962.15,1.6039999999999999,10.958644003383364,0.5065370392487817,0.0,5.0,0.0,40.0,15.0,0.0,35.0,0.0,5.0,1.8780700000000001
Mo5V40Nb15Ti35Zr5,1.7335,-1.234483576499997,BCC,-1.6600000000000001,4.65,1943.1,1.6055,10.958644003383364,0.514929253337042,0.0,5.0,0.0,40.0,15.0,0.0,35.0,5.0,0.0,1.8699000000000001
Mo5W40Cr15V35Ta5,0.7937,-2.053261625499999,BCC,-1.6300000000000001,5.6,2605.35,1.9464999999999997,10.958644003383364,0.329344867008443,15.0,5.0,40.0,35.0,0.0,5.0,0.0,0.0,0.0,1.0650149999999998
Mo5W40Nb15Cr35Zr5,0.5162,-0.9272723569999926,BCC,-4.51,5.75,2631.55,1.9394999999999998,10.958644003383364,0.603846428205857,35.0,5.0,40.0,0.0,15.0,0.0,0.0,5.0,0.0,0.7740049999999999
Mo5W40Nb15Ta35Hf5,0.969,-3.289955547999966,BCC,-6.5600000000000005,5.4,3039.1,1.882,10.958644003383364,0.3431657770660672,0.0,5.0,40.0,0.0,15.0,35.0,0.0,0.0,5.0,1.10253
Mo5W40Nb15Ta35Zr5,0.9302,-4.049601974499978,BCC,-6.82,5.4,3020.05,1.8835,10.958644003383364,0.3541653546650568,0.0,5.0,40.0,0.0,15.0,35.0,0.0,5.0,0.0,1.09436
Mo5W40Nb15Ti35Hf5,1.2983,-5.589760273999957,BCC,-5.72,5.05,2566.95,1.896,10.958644003383364,0.35601523372197863,0.0,5.0,40.0,0.0,15.0,0.0,35.0,0.0,5.0,1.25107
Mo5W40Ta15Cr35Ti5,0.5568,-3.052449236500024,BCC,-3.7199999999999998,5.75,2703.35,1.9349999999999996,10.958644003383364,0.5026250042100108,35.0,5.0,40.0,0.0,0.0,15.0,5.0,0.0,0.0,0.73542
Mo5W40V15Hf35Cr5,1.1906,0.1460423779999473,BCC,-4.909999999999999,5.15,2663.35,1.8344999999999998,10.958644003383364,0.7485123774763885,5.0,5.0,40.0,15.0,0.0,0.0,0.0,0.0,35.0,1.185705
Mo5W40V15Nb35Hf5,1.09,-2.431702735000044,BCC,-5.6499999999999995,5.4,2765.05,1.9214999999999998,10.958644003383364,0.40913290164109367,0.0,5.0,40.0,15.0,35.0,0.0,0.0,0.0,5.0,1.2412450000000002
Mo5W40V15Nb35Ti5,1.0823,-4.207029806500032,BCC,-5.79,5.4,2736.8,1.9334999999999996,10.958644003383364,0.31448203731160557,0.0,5.0,40.0,15.0,35.0,0.0,5.0,0.0,0.0,1.2446050000000002
Mo5W40V15Zr35Hf5,1.3067,1.50374384349999,BCC,-7.119999999999999,5.05,2546.3,1.827,10.958644003383364,0.7482918812385426,0.0,5.0,40.0,15.0,0.0,0.0,0.0,35.0,5.0,1.19214
Mo5Zr40Cr15W35Ta5,1.3126,10.79269961899996,BCC,-8.7,5.15,2506.55,1.79,10.958644003383364,0.8287088112124389,15.0,5.0,35.0,0.0,0.0,5.0,0.0,40.0,0.0,1.02919
Nb5Cr40Mo15W35Ti5,0.566,2.370527331000005,BCC,-1.8199999999999998,5.85,2561.2,1.9709999999999996,10.958644003383364,0.4715042547510123,40.0,15.0,35.0,0.0,5.0,0.0,5.0,0.0,0.0,0.6648400000000001
Nb5Hf40Zr15Mo35V5,1.2031,-0.4888477385000556,BCC,-3.7699999999999996,4.8,2308.4,1.6370000000000002,10.958644003383364,0.6764090384892716,0.0,35.0,0.0,5.0,5.0,0.0,0.0,15.0,40.0,1.394665
Nb5Hf40Zr15Mo35W5,1.2526,2.727319510999962,BCC,-4.3100000000000005,4.85,2384.0,1.6735000000000002,10.958644003383364,0.6522128627253787,0.0,35.0,5.0,0.0,5.0,0.0,0.0,15.0,40.0,1.31629
Nb5Ta40Mo15Ti35Hf5,1.475,-5.269244112999957,BCC,-1.3599999999999999,4.75,2419.55,1.608,10.958644003383364,0.2753268380998711,0.0,15.0,0.0,0.0,5.0,40.0,35.0,0.0,5.0,1.5570100000000002
Nb5Ta40W15Ti35Zr5,1.4717,-5.874509681999939,BCC,-2.47,4.75,2520.35,1.6395000000000002,10.958644003383364,0.28652740634728663,0.0,0.0,15.0,0.0,5.0,40.0,35.0,5.0,0.0,1.5295050000000001
Nb5Ta40Zr15W35V5,1.2624,2.03665541099997,BCC,-5.81,5.2,2901.65,1.7870000000000001,10.958644003383364,0.501180875645798,0.0,0.0,35.0,5.0,5.0,40.0,0.0,15.0,0.0,1.20667
Nb5Ti40Zr15Mo35W5,1.3602,2.834612708999941,BCC,-4.469999999999999,4.85,2158.0,1.7695,10.958644003383364,0.4819566194663225,0.0,35.0,5.0,0.0,5.0,0.0,40.0,15.0,0.0,1.3431699999999998
Ta5Ti40Hf15Zr35Mo5,1.4409,-0.2112631884999701,BCC,-0.53,4.15,1932.35,1.4595000000000002,10.958644003383364,0.4587023085702811,0.0,5.0,0.0,0.0,0.0,5.0,40.0,35.0,15.0,1.761005
Ta5Ti40Mo15Nb35Zr5,1.5509,-2.239396188500052,BCC,-1.04,4.7,2171.05,1.6415,10.958644003383364,0.28681777619351595,0.0,15.0,0.0,0.0,35.0,5.0,40.0,5.0,0.0,1.67029
Ta5Ti40Mo15V35Nb5,1.5803,-1.006173501500029,BCC,-2.3099999999999996,4.75,2003.85,1.6655000000000002,10.958644003383364,0.4168978798285448,0.0,15.0,0.0,35.0,5.0,5.0,40.0,0.0,0.0,1.728125
Ti5Hf40Mo15V35Ta5,1.3935,1.428312910999978,BCC,-2.3099999999999996,4.7,2189.4,1.5665,10.958644003383364,0.7670009687216123,0.0,15.0,0.0,35.0,0.0,5.0,5.0,0.0,40.0,1.70576
Ti5Hf40W15Nb35Ta5,1.3022,0.219045595999944,BCC,-0.8800000000000001,4.7,2507.7,1.5859999999999999,10.958644003383364,0.5042369168778026,0.0,0.0,15.0,0.0,35.0,5.0,5.0,0.0,40.0,1.635605
Ti5Zr40Mo15W35Ta5,1.2493,5.543311385500033,BCC,-7.409999999999999,5.05,2566.2,1.834,10.958644003383364,0.6693231446530162,0.0,15.0,35.0,0.0,0.0,5.0,5.0,40.0,0.0,1.091775
Ti5Zr40V15Nb35Ta5,1.4926,6.404967395499909,BCC,1.3699999999999997,4.55,2128.5,1.4885000000000002,10.958644003383364,0.6160743498559128,0.0,0.0,0.0,15.0,35.0,5.0,5.0,40.0,0.0,1.8053700000000001
V5Nb40Hf15Zr35W5,1.4455,2.523844569000062,BCC,1.3199999999999996,4.55,2240.55,1.5000000000000002,10.958644003383364,0.5460153861683736,0.0,0.0,5.0,5.0,40.0,0.0,0.0,35.0,15.0,1.742405
V5Nb40Ta15Mo35Hf5,1.2258,-2.72310080349996,BCC,-4.409999999999999,5.3,2568.55,1.7675,10.958644003383364,0.3621169916434543,0.0,35.0,0.0,5.0,40.0,15.0,0.0,0.0,5.0,1.35751
V5Nb40Ta15Mo35Zr5,1.2381,-3.431710529999975,BCC,-4.569999999999999,5.3,2549.5,1.7690000000000001,10.958644003383364,0.3724655251871884,0.0,35.0,0.0,5.0,40.0,15.0,0.0,5.0,0.0,1.34934
V5Nb40Ti15Hf35Zr5,1.4876,0.1976462585000149,BCC,2.7199999999999998,4.45,2210.65,1.474,10.958644003383364,0.48394860187052957,0.0,0.0,0.0,5.0,40.0,0.0,15.0,5.0,35.0,1.873775
V5Ta40W15Ti35Hf5,1.5345,-4.452270428000077,BCC,-2.5900000000000003,4.75,2511.05,1.6395000000000002,10.958644003383364,0.3294301279569117,0.0,0.0,15.0,5.0,0.0,40.0,35.0,0.0,5.0,1.5449350000000002
W5Cr40Mo15V35Zr5,0.8749,-2.881623143500065,BCC,-2.62,5.55,2088.45,1.7429999999999999,10.958644003383364,0.5446712075194872,40.0,15.0,5.0,35.0,0.0,0.0,0.0,5.0,0.0,1.13082
W5Nb40Ta15Hf35Zr5,1.4673,-2.829879017999986,BCC,1.9199999999999997,4.65,2488.6,1.5045000000000002,10.958644003383364,0.4561987748043928,0.0,0.0,5.0,0.0,40.0,15.0,0.0,5.0,35.0,1.7317399999999998
W5Ta40Mo15Hf35Zr5,1.307,-3.899247702000025,BCC,-1.37,4.8,2645.5,1.5635,10.958644003383364,0.5335647291296951,0.0,15.0,5.0,0.0,0.0,40.0,0.0,5.0,35.0,1.454205
W5Ta40Ti15Mo35Hf5,1.2564,-2.734555250000028,BCC,-4.239999999999999,5.2,2657.8,1.77,10.958644003383364,0.34162149656246826,0.0,35.0,5.0,0.0,0.0,40.0,15.0,0.0,5.0,1.209155
W5Ti40Hf15V35Nb5,1.5007,1.327272899499974,BCC,-2.1399999999999997,4.5,1965.6,1.5795,10.958644003383364,0.5972436871650593,0.0,0.0,5.0,35.0,5.0,0.0,40.0,0.0,15.0,1.87119
W5V40Nb15Ta35Hf5,1.7793,2.822665358499989,BCC,-1.5,5.0,2474.25,1.6,10.958644003383364,0.4908990808992859,0.0,0.0,5.0,40.0,15.0,35.0,0.0,0.0,5.0,1.7230849999999998
W5V40Nb15Ta35Ti5,1.8312,0.6144610169999964,BCC,-1.7,5.0,2446.0,1.6119999999999999,10.958644003383364,0.41438355080184475,0.0,0.0,5.0,40.0,15.0,35.0,5.0,0.0,0.0,1.726445
W5V40Ta15Hf35Zr5,1.4155,0.9747609919999718,BCC,-1.7600000000000005,4.65,2261.8,1.5165,10.958644003383364,0.777370051855959,0.0,0.0,5.0,40.0,0.0,15.0,0.0,5.0,35.0,1.7898199999999997
W5V40Ta15Ti35Zr5,1.7122,-2.379297668500044,BCC,-2.1800000000000006,4.65,2064.05,1.6004999999999998,10.958644003383364,0.514929253337042,0.0,0.0,5.0,40.0,0.0,15.0,35.0,5.0,0.0,1.81334
W5V40Ti15Hf35Zr5,1.4988,2.320513867999978,BCC,-2.6900000000000004,4.5,2059.45,1.5225,10.958644003383364,0.7768661888098539,0.0,0.0,5.0,40.0,0.0,0.0,15.0,5.0,35.0,1.8534799999999998
W5Zr40V15Nb35Ti5,1.525,2.340174563999994,BCC,-0.22000000000000028,4.6,2148.75,1.5314999999999999,10.958644003383364,0.6354515050167225,0.0,0.0,5.0,15.0,35.0,0.0,5.0,40.0,0.0,1.75096
Zr5V40Nb15Ta35Hf5,1.6748,4.73797294700006,BCC,-0.6200000000000001,4.9,2395.75,1.5485,10.958644003383364,0.5609763645605934,0.0,0.0,0.0,40.0,15.0,35.0,0.0,5.0,5.0,1.787185
Zr5W40Ta15Ti35Hf5,1.3395,-4.830370817500011,BCC,-5.8500000000000005,4.95,2609.4,1.8395,10.958644003383364,0.4197336424992405,0.0,0.0,40.0,0.0,0.0,15.0,35.0,5.0,5.0,1.25861
Cr20Hf20Mo20W20Ta20,1.1213,3.498743321999996,BCC,-5.440000000000001,5.4,2640.4,1.796,13.380866803977112,0.7163337034175441,20.0,20.0,20.0,0.0,0.0,20.0,0.0,0.0,20.0,0.99668
Cr20Mo20Ti20W20V20,1.1897,-0.399428558000011,BCC,-3.360000000000001,5.4,2306.0,1.87,13.380866803977112,0.4570689510366106,20.0,20.0,20.0,20.0,0.0,0.0,20.0,0.0,0.0,1.1059800000000002
Cr20Mo20Ti20Zr20Nb20,1.3169,2.815981486000055,BCC,-5.76,5.0,2105.4,1.6580000000000001,13.380866803977112,0.7283394778959384,20.0,20.0,0.0,0.0,20.0,0.0,20.0,20.0,0.0,1.33334
Cr20Mo20W20V20Nb20,0.7588,1.242816580000067,BCC,-3.8400000000000007,5.6,2467.8,1.882,13.380866803977112,0.43585762063341277,20.0,20.0,20.0,20.0,20.0,0.0,0.0,0.0,0.0,1.08792
Cr20W20Nb20Mo20Ta20,0.7185,2.270819424000024,BCC,-6.24,5.6,2689.2,1.8559999999999999,13.380866803977112,0.4721277092631545,20.0,20.0,20.0,0.0,20.0,20.0,0.0,0.0,0.0,0.9920600000000002
Hf20Cr20Mo20W20Nb20,1.1308,3.580996728000002,BCC,-5.600000000000001,5.4,2532.4,1.8159999999999998,13.380866803977112,0.7163337034175441,20.0,20.0,20.0,0.0,20.0,0.0,0.0,0.0,20.0,1.0635
Hf20V20Nb20Ta20Ti20,1.4741,1.385783054000001,BCC,0.6400000000000001,4.6,2261.0,1.514,13.380866803977112,0.5406108999292177,0.0,0.0,0.0,20.0,20.0,20.0,20.0,0.0,20.0,1.8368
Hf20Zr20W20Nb20Ti20,1.4055,0.09550682000008237,BCC,-3.04,4.6,2330.4,1.6260000000000003,13.380866803977112,0.5382525414489421,0.0,0.0,20.0,0.0,20.0,0.0,20.0,20.0,20.0,1.5620599999999998
Mo20Hf20Zr20V20Ti20,1.3618,-1.309469599999943,BCC,-3.5200000000000005,4.6,2057.2,1.592,13.380866803977112,0.7049535197635242,0.0,20.0,0.0,20.0,0.0,0.0,20.0,20.0,20.0,1.6168799999999999
Mo20Nb20Ta20Hf20Zr20,1.2558,-0.7161047779999876,BCC,-1.12,4.8,2440.4,1.5779999999999998,13.380866803977112,0.5448751131120683,0.0,20.0,0.0,0.0,20.0,20.0,0.0,20.0,20.0,1.5029599999999999
Mo20Ta20Ti20Cr20Hf20,1.3592,0.04297479599995313,BCC,-5.120000000000001,5.0,2289.6,1.632,13.380866803977112,0.7083633701389067,20.0,20.0,0.0,0.0,0.0,20.0,20.0,0.0,20.0,1.2992000000000001
Mo20V20Nb20Ti20Hf20,1.4518,-2.430369982000002,BCC,-2.0800000000000005,4.8,2182.2,1.646,13.380866803977112,0.5835640221049987,0.0,20.0,0.0,20.0,20.0,0.0,20.0,0.0,20.0,1.64494
Mo20V20Nb20Ti20Zr20,1.4782,-1.193767557999934,BCC,-2.720000000000001,4.8,2106.0,1.652,13.380866803977112,0.6057474773359784,0.0,20.0,0.0,20.0,20.0,0.0,20.0,20.0,0.0,1.61226
Mo20W20Cr20V20Ta20,0.7711,-0.5148623659999885,BCC,-3.5200000000000005,5.6,2575.8,1.8619999999999999,13.380866803977112,0.4358576206334128,20.0,20.0,20.0,20.0,0.0,20.0,0.0,0.0,0.0,1.0211000000000001
Mo20W20Nb20Cr20Zr20,1.0419,3.224052192000045,BCC,-6.880000000000001,5.4,2456.2,1.8219999999999998,13.380866803977112,0.7386625726013878,20.0,20.0,20.0,0.0,20.0,0.0,0.0,20.0,0.0,1.03082
Mo20W20Nb20Ta20Hf20,1.1237,-0.9204219919999446,BCC,-4.640000000000001,5.2,2754.4,1.784,13.380866803977112,0.5010146054252311,0.0,20.0,20.0,0.0,20.0,20.0,0.0,0.0,20.0,1.2465600000000001
Mo20W20Nb20Ta20Zr20,1.2531,0.3535222020000219,BCC,-5.440000000000001,5.2,2678.2,1.79,13.380866803977112,0.5252134113063245,0.0,20.0,20.0,0.0,20.0,20.0,0.0,20.0,0.0,1.21388
Mo20W20Nb20Ti20Hf20,1.2908,-1.793884683999977,BCC,-4.48,5.0,2484.6,1.7920000000000003,13.380866803977112,0.5014521977458399,0.0,20.0,20.0,0.0,20.0,0.0,20.0,0.0,20.0,1.33144
Mo20W20Ta20Cr20Ti20,1.1157,-0.6584005440000169,BCC,-5.44,5.4,2527.4,1.844,13.380866803977112,0.48598820461982933,20.0,20.0,20.0,0.0,0.0,20.0,20.0,0.0,0.0,1.01012
Mo20W20V20Hf20Cr20,1.2376,1.091296507999971,BCC,-3.6800000000000006,5.4,2419.0,1.8219999999999998,13.380866803977112,0.745294207589763,20.0,20.0,20.0,20.0,0.0,0.0,0.0,0.0,20.0,1.09254
Mo20W20V20Nb20Hf20,1.3217,-0.211594085999991,BCC,-3.840000000000001,5.2,2533.0,1.81,13.380866803977112,0.6056917922066518,0.0,20.0,20.0,20.0,20.0,0.0,0.0,0.0,20.0,1.3424200000000002
Mo20W20V20Nb20Ti20,1.3108,-2.755282211999941,BCC,-4.160000000000001,5.2,2420.0,1.858,13.380866803977112,0.3445378099713789,0.0,20.0,20.0,20.0,20.0,0.0,20.0,0.0,0.0,1.35586
Mo20W20V20Zr20Hf20,1.2758,1.440076906000002,BCC,-5.120000000000001,5.0,2408.0,1.756,13.380866803977112,0.753512413347218,0.0,20.0,20.0,20.0,0.0,0.0,0.0,20.0,20.0,1.31436
Mo20Zr20Cr20W20Ta20,1.0604,2.657210016000022,BCC,-6.720000000000001,5.4,2564.2,1.8019999999999998,13.380866803977112,0.7386625726013877,20.0,20.0,20.0,0.0,0.0,20.0,0.0,20.0,0.0,0.9640000000000001
Nb20Cr20Mo20W20Ti20,1.187,-0.3892878679999967,BCC,-5.6000000000000005,5.4,2419.4,1.864,13.380866803977112,0.485988204619829,20.0,20.0,20.0,0.0,20.0,0.0,20.0,0.0,0.0,1.0769400000000002
Nb20Hf20Zr20Cr20Mo20,1.3212,2.909565292000025,BCC,-5.760000000000001,5.0,2218.4,1.61,13.380866803977112,0.8294048763202486,20.0,20.0,0.0,0.0,20.0,0.0,0.0,20.0,20.0,1.3199
Nb20Hf20Zr20Mo20W20,1.2754,1.313402496000037,BCC,-4.960000000000001,5.0,2521.4,1.75,13.380866803977112,0.6234850509771457,0.0,20.0,20.0,0.0,20.0,0.0,0.0,20.0,20.0,1.28532
Nb20Ta20Mo20Ti20Hf20,1.3037,-1.858031797999956,BCC,-1.4400000000000004,4.8,2403.6,1.62,13.380866803977112,0.4388320659103459,0.0,20.0,0.0,0.0,20.0,20.0,20.0,0.0,20.0,1.5490800000000002
Nb20Ta20W20Ti20Zr20,1.4052,0.8168805960000896,BCC,-3.2000000000000006,4.8,2487.2,1.666,13.380866803977112,0.46269298316975327,0.0,0.0,20.0,0.0,20.0,20.0,20.0,20.0,0.0,1.49062
Nb20Ta20Zr20W20V20,1.4806,3.222730554000009,BCC,-3.8400000000000007,5.0,2535.6,1.6839999999999997,13.380866803977112,0.6043835117298383,0.0,0.0,20.0,20.0,20.0,20.0,0.0,20.0,0.0,1.5016
Nb20Ti20Mo20Hf20Zr20,1.4076,-2.174460689999933,BCC,-1.6000000000000003,4.6,2170.6,1.5859999999999999,13.380866803977112,0.5382525414489421,0.0,20.0,0.0,0.0,20.0,0.0,20.0,20.0,20.0,1.58784
Nb20Ti20Zr20Mo20W20,1.3513,-0.1414969299999598,BCC,-5.280000000000001,5.0,2408.4,1.798,13.380866803977112,0.5252080388632687,0.0,20.0,20.0,0.0,20.0,0.0,20.0,20.0,0.0,1.2987600000000001
Ta20Hf20Mo20V20Zr20,1.3338,-0.7227854879999427,BCC,-2.5600000000000005,4.8,2327.0,1.584,13.380866803977112,0.7074676142117411,0.0,20.0,0.0,20.0,0.0,20.0,0.0,20.0,20.0,1.5319999999999998
Ta20Ti20Mo20Nb20Zr20,1.3443,-2.642260203999967,BCC,-1.7600000000000002,4.8,2327.4,1.626,13.380866803977112,0.46269298316975327,0.0,20.0,0.0,0.0,20.0,20.0,20.0,20.0,0.0,1.5164000000000002
Ta20Ti20Mo20V20Nb20,1.5419,-2.872547335999968,BCC,-2.5600000000000005,5.0,2339.0,1.686,13.380866803977112,0.3569737367173826,0.0,20.0,0.0,20.0,20.0,20.0,20.0,0.0,0.0,1.5735000000000001
Ta20Ti20Zr20Cr20W20,1.3354,1.781025950000071,BCC,-6.880000000000002,5.0,2373.2,1.678,13.380866803977112,0.7283394778959384,20.0,0.0,20.0,0.0,0.0,20.0,20.0,20.0,0.0,1.24074
Ti20Hf20Mo20V20Ta20,1.4125,1.895917581999981,BCC,-2.2400000000000007,4.8,2290.2,1.626,13.380866803977112,0.5835640221049987,0.0,20.0,0.0,20.0,0.0,20.0,20.0,0.0,20.0,1.5781199999999997
Ti20Hf20W20Nb20Ta20,1.425,2.202855782000029,BCC,-2.7200000000000006,4.8,2563.4,1.66,13.380866803977112,0.4388320659103459,0.0,0.0,20.0,0.0,20.0,20.0,20.0,0.0,20.0,1.5232999999999999
Ti20Zr20Mo20V20Ta20,1.518,3.027594256000043,BCC,-2.880000000000001,4.8,2214.0,1.632,13.380866803977112,0.6057474773359784,0.0,20.0,0.0,20.0,0.0,20.0,20.0,20.0,0.0,1.54544
Ti20Zr20Mo20W20Ta20,1.3277,2.692954224000005,BCC,-5.280000000000001,5.0,2516.4,1.778,13.380866803977112,0.5252080388632687,0.0,20.0,20.0,0.0,0.0,20.0,20.0,20.0,0.0,1.2319399999999998
Ti20Zr20V20Nb20Ta20,1.6327,3.673521748000041,BCC,0.32000000000000006,4.6,2184.8,1.52,13.380866803977112,0.5618352055108867,0.0,0.0,0.0,20.0,20.0,20.0,20.0,20.0,0.0,1.8041200000000002
V20Nb20Hf20Zr20W20,1.3927,4.069010788000071,BCC,-3.6800000000000006,4.8,2378.8,1.6439999999999997,13.380866803977112,0.7074676142117411,0.0,0.0,20.0,20.0,20.0,0.0,0.0,20.0,20.0,1.5730399999999998
V20Nb20Ta20Mo20Hf20,1.3688,1.390942370000062,BCC,-1.9200000000000004,5.0,2452.0,1.6380000000000001,13.380866803977112,0.5817524775870908,0.0,20.0,0.0,20.0,20.0,20.0,0.0,0.0,20.0,1.5600600000000002
V20Nb20Ta20Mo20Zr20,1.4801,3.056889584000089,BCC,-2.5600000000000005,5.0,2375.8,1.6440000000000001,13.380866803977112,0.6043835117298383,0.0,20.0,0.0,20.0,20.0,20.0,0.0,20.0,0.0,1.52738
V20Nb20Ti20Hf20Zr20,1.5347,1.90756581200003,BCC,0.15999999999999992,4.4,2028.0,1.48,13.380866803977112,0.6420337809559278,0.0,0.0,0.0,20.0,20.0,0.0,20.0,20.0,20.0,1.8755600000000001
V20Ta20W20Ti20Hf20,1.4701,2.583851272000061,BCC,-3.3600000000000003,4.8,2450.0,1.666,13.380866803977112,0.5835640221049987,0.0,0.0,20.0,20.0,0.0,20.0,20.0,0.0,20.0,1.55234
W20Cr20Mo20V20Zr20,1.1757,1.230496612000024,BCC,-5.280000000000001,5.4,2342.8,1.8279999999999998,13.380866803977112,0.7706345119577818,20.0,20.0,20.0,20.0,0.0,0.0,0.0,20.0,0.0,1.0598599999999998
W20Nb20Ta20Hf20Zr20,1.3838,-0.6713754379999841,BCC,-2.56,4.8,2600.2,1.6179999999999999,13.380866803977112,0.5448751131120683,0.0,0.0,20.0,0.0,20.0,20.0,0.0,20.0,20.0,1.4771800000000002
W20Ta20Mo20Hf20Zr20,1.2636,-1.29979297999995,BCC,-4.96,5.0,2629.4,1.7299999999999998,13.380866803977112,0.6234850509771457,0.0,20.0,20.0,0.0,0.0,20.0,0.0,20.0,20.0,1.2185
W20Ta20Ti20Mo20Hf20,1.3331,-4.182903010000018,BCC,-4.48,5.0,2592.6,1.7719999999999998,13.380866803977112,0.5014521977458399,0.0,20.0,20.0,0.0,0.0,20.0,20.0,0.0,20.0,1.26462
W20Ti20Hf20V20Nb20,1.4268,-2.373153041999956,BCC,-3.2000000000000006,4.8,2342.0,1.686,13.380866803977112,0.5835640221049986,0.0,0.0,20.0,20.0,20.0,0.0,20.0,0.0,20.0,1.6191600000000002
W20Ti20Hf20Zr20Mo20,1.2822,-3.376864651999995,BCC,-5.6000000000000005,4.8,2359.6,1.7380000000000002,13.380866803977112,0.6194472377313396,0.0,20.0,20.0,0.0,0.0,0.0,20.0,20.0,20.0,1.30338
W20V20Nb20Ta20Hf20,1.3614,-0.7191130200000089,BCC,-3.040000000000001,5.0,2611.8,1.678,13.380866803977112,0.5817524775870908,0.0,0.0,20.0,20.0,20.0,20.0,0.0,0.0,20.0,1.5342799999999999
W20V20Nb20Ta20Ti20,1.5133,-2.650184855999953,BCC,-3.6800000000000006,5.0,2498.8,1.726,13.380866803977112,0.35697373671738314,0.0,0.0,20.0,20.0,20.0,20.0,20.0,0.0,0.0,1.54772
W20V20Ta20Hf20Zr20,1.445,0.5413752720000389,BCC,-3.8400000000000003,4.8,2486.8,1.6239999999999997,13.380866803977112,0.7074676142117411,0.0,0.0,20.0,20.0,0.0,20.0,0.0,20.0,20.0,1.5062200000000001
W20V20Ta20Ti20Zr20,1.4669,-0.7245604940000021,BCC,-4.16,4.8,2373.8,1.672,13.380866803977112,0.6057474773359784,0.0,0.0,20.0,20.0,0.0,20.0,20.0,20.0,0.0,1.51966
W20V20Ti20Hf20Zr20,1.4142,-1.128954720000024,BCC,-4.800000000000001,4.6,2217.0,1.6319999999999997,13.380866803977112,0.7049535197635244,0.0,0.0,20.0,20.0,0.0,0.0,20.0,20.0,20.0,1.5911000000000002
W20Zr20V20Nb20Ti20,1.4753,-1.296357347999958,BCC,-4.0,4.8,2265.8,1.692,13.380866803977112,0.6057474773359786,0.0,0.0,20.0,20.0,20.0,0.0,20.0,20.0,0.0,1.58648
Zr20V20Nb20Ta20Hf20,1.5038,4.691787773999977,BCC,0.9600000000000002,4.6,2297.8,1.472,13.380866803977112,0.6465285679888482,0.0,0.0,0.0,20.0,20.0,20.0,0.0,20.0,20.0,1.79068
Cr30Hf10Mo40W10Ta10,0.5705,3.69146339699995,BCC,-3.6400000000000006,5.7,2488.5,1.878,11.793273165416188,0.6496464391037291,30.0,40.0,10.0,0.0,0.0,10.0,0.0,0.0,10.0,0.7863900000000001
Cr30Mo10Ti40W10V10,1.4486,2.207791037999982,BCC,-5.4399999999999995,5.1,2034.8,1.7289999999999999,11.793273165416188,0.578215289703542,30.0,10.0,10.0,10.0,0.0,0.0,40.0,0.0,0.0,1.25615
Cr30Mo10Ti40Zr10Nb10,1.4453,1.730074969999976,BCC,-6.279999999999999,4.9,1934.5,1.6230000000000002,11.793273165416188,0.7183415486293886,30.0,10.0,0.0,0.0,10.0,0.0,40.0,10.0,0.0,1.36983
Cr30V10Nb40Ti10Zr10,1.4554,2.800553083000011,BCC,-5.3199999999999985,5.1,2105.9,1.588,11.793273165416188,0.7282534818927093,30.0,0.0,0.0,10.0,40.0,0.0,10.0,10.0,0.0,1.4866000000000001
Cr30W10Nb40Mo10Ta10,0.9495,2.932392365999988,BCC,-6.800000000000001,5.5,2469.1,1.7399999999999998,11.793273165416188,0.5599763008593411,30.0,10.0,10.0,0.0,40.0,10.0,0.0,0.0,0.0,1.1721
Hf30Cr10Mo40W10Nb10,1.1144,1.86125780399999,BCC,-4.76,5.3,2499.7,1.8159999999999998,11.793273165416188,0.7107975190887749,10.0,40.0,10.0,0.0,10.0,0.0,0.0,0.0,30.0,1.0743
Hf30V10Nb40Ta10Ti10,1.4881,0.6646427950000202,BCC,2.12,4.6,2320.2,1.497,11.793273165416188,0.50898108141832,0.0,0.0,0.0,10.0,40.0,10.0,10.0,0.0,30.0,1.8489700000000002
Hf30Zr10W40Nb10Ti10,1.2932,-1.005624320000038,BCC,-5.840000000000001,4.9,2638.4,1.781,11.793273165416188,0.613970106484902,0.0,0.0,40.0,0.0,10.0,0.0,10.0,10.0,30.0,1.2849100000000002
Mo30Hf10Zr40V10Ti10,1.3735,-0.6650923789999865,BCC,-4.640000000000001,4.7,2108.8,1.6270000000000002,11.793273165416188,0.7031818897769269,0.0,30.0,0.0,10.0,0.0,0.0,10.0,40.0,10.0,1.43362
Mo30Nb10Ta40Hf10Zr10,1.2885,-3.45099369999997,BCC,-3.04,5.1,2649.9,1.6710000000000003,11.793273165416188,0.48637226384654564,0.0,30.0,0.0,0.0,10.0,40.0,0.0,10.0,10.0,1.3185200000000001
Mo30Ta10Ti40Cr10Hf10,1.3752,-2.07929442599999,BCC,-4.48,4.9,2169.8,1.71,11.793273165416188,0.5366837658296173,10.0,30.0,0.0,0.0,0.0,10.0,40.0,0.0,10.0,1.34396
Mo30V10Nb40Ti10Hf10,1.3729,-2.920528813000033,BCC,-3.1999999999999997,5.1,2358.8,1.7350000000000003,11.793273165416188,0.45235498925002793,0.0,30.0,0.0,10.0,40.0,0.0,10.0,0.0,10.0,1.4897400000000003
Mo30V10Nb40Ti10Zr10,1.3712,-2.821799826000017,BCC,-3.52,5.1,2320.7,1.7380000000000004,11.793273165416188,0.46808701888172566,0.0,30.0,0.0,10.0,40.0,0.0,10.0,10.0,0.0,1.4734000000000003
Mo30W10Cr40V10Ta10,0.6325,1.191054350999991,BCC,-2.24,5.8,2384.6,1.8610000000000002,11.793273165416188,0.4582624691833974,40.0,30.0,10.0,10.0,0.0,10.0,0.0,0.0,0.0,0.8029999999999999
Mo30W10Nb40Cr10Zr10,1.0281,-3.118038775999992,BCC,-6.16,5.4,2495.8,1.8230000000000002,11.793273165416188,0.5485477878870071,10.0,30.0,10.0,0.0,40.0,0.0,0.0,10.0,0.0,1.1826800000000002
Mo30W10Nb40Ta10Hf10,1.1599,-2.468650038000021,BCC,-5.000000000000001,5.3,2644.9,1.804,11.793273165416188,0.405006917325939,0.0,30.0,10.0,0.0,40.0,10.0,0.0,0.0,10.0,1.29055
Mo30W10Nb40Ta10Zr10,1.142,-2.535055800999999,BCC,-5.36,5.3,2606.8,1.8070000000000002,11.793273165416188,0.4220234108545608,0.0,30.0,10.0,0.0,40.0,10.0,0.0,10.0,0.0,1.27421
Mo30W10Nb40Ti10Hf10,1.1852,-4.837075764000019,BCC,-4.640000000000001,5.2,2510.0,1.808,11.793273165416188,0.40702459113588324,0.0,30.0,10.0,0.0,40.0,0.0,10.0,0.0,10.0,1.3329900000000001
Mo30W10Ta40Cr10Ti10,1.0401,-5.954620158000012,BCC,-5.44,5.4,2693.4,1.804,11.793273165416188,0.39883960592289674,10.0,30.0,10.0,0.0,0.0,40.0,10.0,0.0,0.0,1.0721
Mo30W10V40Hf10Cr10,1.2909,-1.952646012999992,BCC,-1.8400000000000003,5.4,2307.1,1.8319999999999999,11.793273165416188,0.5658596424916429,10.0,30.0,10.0,40.0,0.0,0.0,0.0,0.0,10.0,1.2571
Mo30W10V40Nb10Hf10,1.3178,-1.605064855000023,BCC,-2.24,5.3,2364.1,1.8259999999999998,11.793273165416188,0.5280109837053696,0.0,30.0,10.0,40.0,10.0,0.0,0.0,0.0,10.0,1.3820400000000002
Mo30W10V40Nb10Ti10,1.3913,-4.120923718000029,BCC,-2.3200000000000003,5.3,2307.6,1.85,11.793273165416188,0.3312655522586124,0.0,30.0,10.0,40.0,10.0,0.0,10.0,0.0,0.0,1.38876
Mo30W10V40Zr10Hf10,1.3643,-1.346767714000009,BCC,-2.92,5.2,2301.6,1.7990000000000002,11.793273165416188,0.6711892595632498,0.0,30.0,10.0,40.0,0.0,0.0,0.0,10.0,10.0,1.36801
Mo30Zr10Cr40W10Ta10,0.6483,7.810706996999954,BCC,-4.720000000000001,5.7,2378.8,1.831,11.793273165416188,0.7087760596180406,40.0,30.0,10.0,0.0,0.0,10.0,0.0,10.0,0.0,0.77445
Nb30Cr10Mo40W10Ti10,0.8803,-1.522176777000027,BCC,-5.5600000000000005,5.5,2492.0,1.9,11.793273165416188,0.3887480733921592,10.0,40.0,10.0,0.0,30.0,0.0,10.0,0.0,0.0,1.0763999999999998
Nb30Hf10Zr40Mo10V10,1.4231,2.218115811999951,BCC,-0.28000000000000047,4.6,2160.5,1.5210000000000001,11.793273165416188,0.6268693809906882,0.0,10.0,0.0,10.0,30.0,0.0,0.0,40.0,10.0,1.6832700000000003
Nb30Hf10Zr40Mo10W10,1.381,4.194017670999926,BCC,-2.080000000000001,4.7,2311.7,1.594,11.793273165416188,0.5710620098576887,0.0,10.0,10.0,0.0,30.0,0.0,0.0,40.0,10.0,1.52652
Nb30Ta10Mo40Ti10Hf10,1.1615,-5.077634452000041,BCC,-4.08,5.2,2484.1,1.778,11.793273165416188,0.40702459113588324,0.0,40.0,0.0,0.0,30.0,10.0,10.0,0.0,10.0,1.3124700000000002
Nb30Ta10Ti40Hf10Zr10,1.5568,-0.6747325440000509,BCC,2.3200000000000003,4.4,2120.5,1.5090000000000001,11.793273165416188,0.3503677501437688,0.0,0.0,0.0,0.0,30.0,10.0,40.0,10.0,10.0,1.84289
Nb30Ta10Zr40W10V10,1.4852,4.094936269999948,BCC,-1.1200000000000006,4.7,2318.8,1.5610000000000002,11.793273165416188,0.6122710032332521,0.0,0.0,10.0,10.0,30.0,10.0,0.0,40.0,0.0,1.63466
Nb30Ti10Mo40Hf10Zr10,1.2013,-2.592090398000039,BCC,-3.92,5.1,2367.6,1.7610000000000001,11.793273165416188,0.5134702688764752,0.0,40.0,0.0,0.0,30.0,0.0,10.0,10.0,10.0,1.33185
Nb30Ti10Zr40Mo10W10,1.4364,5.022912547999965,BCC,-2.3200000000000003,4.7,2255.2,1.6179999999999999,11.793273165416188,0.5559040504405672,0.0,10.0,10.0,0.0,30.0,0.0,10.0,40.0,0.0,1.53324
Ta30Hf10Mo40V10Zr10,1.1739,-3.98727801299998,BCC,-3.6400000000000006,5.2,2553.8,1.74,11.793273165416188,0.5732674031068555,0.0,40.0,0.0,10.0,0.0,30.0,0.0,10.0,10.0,1.23711
Ta30Ti10Hf40Zr10Mo10,1.3448,-0.01759236199995939,BCC,0.2799999999999995,4.5,2412.6,1.473,11.793273165416188,0.49320170563135035,0.0,10.0,0.0,0.0,0.0,30.0,10.0,10.0,40.0,1.62657
Ta30Ti10Mo40Nb10Zr10,1.2083,-3.425834250999912,BCC,-4.24,5.2,2554.0,1.7610000000000001,11.793273165416188,0.42382164772527925,0.0,40.0,0.0,0.0,10.0,30.0,10.0,10.0,0.0,1.2293100000000001
Ta30Ti10Mo40V10Nb10,1.2062,-2.836391026999934,BCC,-4.04,5.3,2559.8,1.7910000000000001,11.793273165416188,0.3058594484461753,0.0,40.0,0.0,10.0,10.0,30.0,10.0,0.0,0.0,1.2578600000000002
Ti30Zr10Mo40V10Ta10,1.3096,-1.301626548000058,BCC,-3.8800000000000003,5.0,2227.5,1.7719999999999998,11.793273165416188,0.48518352160204253,0.0,40.0,0.0,10.0,0.0,10.0,30.0,10.0,0.0,1.32871
Ti30Zr10Mo40W10Ta10,1.2052,0.4309996209999554,BCC,-4.8,5.1,2378.7,1.845,11.793273165416188,0.4449102616461984,0.0,40.0,10.0,0.0,0.0,10.0,30.0,10.0,0.0,1.17196
Ti30Zr10V40Nb10Ta10,1.6524,4.954650550999986,BCC,-1.2800000000000002,4.6,1999.0,1.557,11.793273165416188,0.57659473912147,0.0,0.0,0.0,40.0,10.0,10.0,30.0,10.0,0.0,1.8896300000000001
V30Nb10Ta40Mo10Hf10,1.619,0.8398936659999663,BCC,-1.4000000000000004,5.0,2513.1,1.595,11.793273165416188,0.5233087254229289,0.0,10.0,0.0,30.0,10.0,40.0,0.0,0.0,10.0,1.6347900000000002
V30Nb10Ta40Mo10Zr10,1.5667,0.4591633430000002,BCC,-1.7200000000000004,5.0,2475.0,1.598,11.793273165416188,0.5380852550663869,0.0,10.0,0.0,30.0,10.0,40.0,0.0,10.0,0.0,1.6184500000000002
V30Nb10Ti40Hf10Zr10,1.6001,2.361545314000011,BCC,-1.1599999999999997,4.4,1896.4,1.528,11.793273165416188,0.6141500151756727,0.0,0.0,0.0,30.0,10.0,0.0,40.0,10.0,10.0,1.91986
W30Cr10Mo40V10Zr10,0.5494,-1.92349913399994,BCC,-2.7600000000000007,5.7,2642.7,2.0340000000000003,11.793273165416188,0.5480473096357675,10.0,40.0,30.0,10.0,0.0,0.0,0.0,10.0,0.0,0.7834
W30Nb10Ta40Hf10Zr10,1.2946,-2.476925714999993,BCC,-4.839999999999999,5.1,2889.6,1.7310000000000003,11.793273165416188,0.48637226384654564,0.0,0.0,30.0,0.0,10.0,40.0,0.0,10.0,10.0,1.27985
W30Ta10Mo40Hf10Zr10,0.7148,-3.878315829999963,BCC,-4.800000000000001,5.5,2786.0,1.985,11.793273165416188,0.5647827678510982,0.0,40.0,30.0,0.0,0.0,10.0,0.0,10.0,10.0,0.86272
W30Ta10Ti40Mo10Hf10,1.3861,-1.706440724000061,BCC,-5.16,4.9,2481.1,1.82,11.793273165416188,0.4122919815388225,0.0,10.0,30.0,0.0,0.0,10.0,40.0,0.0,10.0,1.3008899999999999
W30Ti10Hf40V10Nb10,1.2696,0.8534165340000186,BCC,-4.3999999999999995,4.8,2525.3,1.705,11.793273165416188,0.6508970042590432,0.0,0.0,30.0,10.0,10.0,0.0,10.0,0.0,40.0,1.4580000000000002
W30Ti10Hf40Zr10Mo10,1.2543,-0.01796279099994535,BCC,-5.720000000000001,4.8,2534.1,1.7309999999999999,11.793273165416188,0.6387918307952816,0.0,10.0,30.0,0.0,0.0,0.0,10.0,10.0,40.0,1.3001099999999999
W30V10Nb40Ta10Hf10,1.3358,0.748690148000037,BCC,-5.04,5.2,2733.4,1.791,11.793273165416188,0.4500514373894346,0.0,0.0,30.0,10.0,40.0,10.0,0.0,0.0,10.0,1.40863
W30V10Nb40Ta10Ti10,1.3417,-1.031733674999998,BCC,-5.4399999999999995,5.2,2676.9,1.815,11.793273165416188,0.3049235442167677,0.0,0.0,30.0,10.0,40.0,10.0,10.0,0.0,0.0,1.4153499999999999
W30V10Ta40Hf10Zr10,1.2775,-1.014701879999961,BCC,-4.72,5.1,2832.9,1.734,11.793273165416188,0.5555108805036779,0.0,0.0,30.0,10.0,0.0,40.0,0.0,10.0,10.0,1.29437
W30V10Ta40Ti10Zr10,1.3757,-2.780827602999977,BCC,-5.04,5.1,2776.4,1.758,11.793273165416188,0.46808701888172566,0.0,0.0,30.0,10.0,0.0,40.0,10.0,10.0,0.0,1.3010899999999999
W30V10Ti40Hf10Zr10,1.5007,0.5387553059999846,BCC,-5.36,4.7,2293.3,1.75,11.793273165416188,0.557035404780438,0.0,0.0,30.0,10.0,0.0,0.0,40.0,10.0,10.0,1.4641300000000002
W30Zr10V40Nb10Ti10,1.4147,1.049621263999995,BCC,-4.12,5.1,2390.3,1.807,11.793273165416188,0.5638099909703104,0.0,0.0,30.0,40.0,10.0,0.0,10.0,10.0,0.0,1.47829
Zr30V10Nb40Ta10Hf10,1.5608,4.005866559000026,BCC,2.28,4.6,2262.4,1.482,11.793273165416188,0.5630252294887566,0.0,0.0,0.0,10.0,40.0,10.0,0.0,30.0,10.0,1.79323
Zr30W10Ta40Ti10Hf10,1.4419,-1.30240077000002,BCC,-0.6,4.6,2494.7,1.5190000000000001,11.793273165416188,0.49895799825264625,0.0,0.0,10.0,0.0,0.0,40.0,10.0,30.0,10.0,1.54528
Cr100,0.6025,0.0,BCC,0.0,6.0,1907.0,1.66,-0.0,0.0,100.0,0.0,0.0,0.0,0.0,0.0,0.0,0.0,0.0,0.6025
Mo100,0.5635,0.0,BCC,0.0,6.0,2623.0,2.16,-0.0,0.0,0.0,100.0,0.0,0.0,0.0,0.0,0.0,0.0,0.0,0.5585
W100,0.4296,0.0,BCC,0.0,6.0,3422.0,2.36,-0.0,0.0,0.0,0.0,100.0,0.0,0.0,0.0,0.0,0.0,0.0,0.4296
V100,1.9982,0.0,BCC,0.0,5.0,1910.0,1.63,-0.0,0.0,0.0,0.0,0.0,100.0,0.0,0.0,0.0,0.0,0.0,1.9971
Nb100,1.8519,0.0,BCC,0.0,5.0,2477.0,1.6,-0.0,0.0,0.0,0.0,0.0,0.0,100.0,0.0,0.0,0.0,0.0,1.8518999999999999
Ta100,1.5305,0.0,BCC,0.0,5.0,3017.0,1.5,-0.0,0.0,0.0,0.0,0.0,0.0,0.0,100.0,0.0,0.0,0.0,1.5178
Ti100,2.4122,0.0,BCC,0.0,4.0,1668.0,1.54,-0.0,0.0,0.0,0.0,0.0,0.0,0.0,0.0,100.0,0.0,0.0,1.9422
Zr100,1.799,0.0,BCC,0.0,4.0,1852.0,1.33,-0.0,0.0,0.0,0.0,0.0,0.0,0.0,0.0,0.0,100.0,0.0,1.7116
Hf100,1.9087,0.0,BCC,0.0,4.0,2233.0,1.3,-0.0,0.0,0.0,0.0,0.0,0.0,0.0,0.0,0.0,0.0,100.0,1.875
